Computing ID,GPA,Major,Size Preference,Reading,Writing,Group Work,Time Commitment
wzo6yt,3.4,CS,2,2,2,2,4
jic6zh,3.14,MAE,3,1,3,4,3
xmr5pf,3.46,ECE,4,3,4,4,3
igc9ye,3.81,MSE,4,2,2,3,0
gnn8tk,3.11,ECE,1,4,5,2,4
inz1ky,3.11,CHE,1,5,1,3,2
ydi2st,3.83,CHE,2,3,4,5,4
sac9hz,3.51,ECE,1,2,3,2,3
uoy2pc,3.01,SYS,2,1,2,5,1
vbp0ra,3.42,SYS,5,5,5,1,5
nfd2bk,3.01,CS,2,1,4,3,1
iaa8xv,3.01,CS,1,2,5,4,2
avw3ms,3.3,CS,5,2,5,2,4
aqk7ns,2.43,MAE,1,3,3,3,0
rbn4gg,2.51,CHE,2,4,4,4,4
hco3rt,2.98,CS,3,1,2,1,2
ujq7mc,2.79,CS,4,3,3,2,2
srt0dq,3.33,MAE,1,5,2,5,5
mbi3hb,2.84,CPE,2,4,1,1,2
odp3gk,2.64,CS,5,3,5,4,1
hhp5da,3.79,CS,1,1,1,2,5
qov9rm,3.11,CS,1,2,5,2,4
skb9cd,3.23,CS,4,5,3,1,4
rfm4hw,2.63,CHE,2,1,2,2,0
ldt8py,2.98,MSE,3,4,2,4,2
smm6fo,3.24,CS,5,4,3,1,2
oba2cv,2.74,ECE,2,2,4,5,3
zsl6jj,3.35,CS,5,2,1,1,5
eng9df,2.96,CPE,1,5,1,1,3
ikx2ib,3.08,CS,4,5,2,5,5
spi2ix,2.96,MSE,4,2,2,4,1
jdy0ox,3.94,CPE,3,2,2,3,5
nfm1pc,3.19,CS,4,4,3,3,4
jfr5hl,2.78,CS,1,2,4,5,0
sga4ji,3.53,CHE,3,3,1,4,5
xsi0bi,2.71,MSE,2,1,5,2,5
xuv0qo,3.28,CS,4,2,3,5,5
ulr9ge,2.42,CPE,3,5,1,3,0
xqx8ps,2.67,ECE,1,3,4,4,2
ukn8ys,3.28,CHE,5,5,3,1,0
rli0vv,3.5,CS,5,3,1,4,2
ztd5ut,3.27,CS,1,2,3,4,4
roj4id,3.15,CS,1,1,1,3,0
jly9qj,3.08,MAE,5,5,1,3,2
btr1pp,2.61,MAE,3,3,4,2,4
hha1ae,2.91,ECE,5,4,5,2,4
iyl5ep,3.02,ECE,1,2,4,5,2
dua0yw,3.62,CS,4,1,1,1,2
cqn9ur,3.34,CHE,2,2,3,2,1
yxs5kv,2.49,CPE,4,4,4,3,4
tgq4md,3.33,CHE,4,1,5,4,2
bqb4dy,3.05,CHE,1,4,1,5,4
qqq7dx,2.93,CS,5,2,4,2,0
fkb7mk,3.44,CHE,3,3,4,4,3
doi8yw,3.61,CS,4,2,4,4,3
ugv8fu,3.57,ECE,5,2,4,2,5
vml7ju,2.86,CS,3,2,3,1,2
zxd5dk,3.08,CS,4,5,5,1,2
nsq3ka,3.33,CS,3,4,5,5,4
dxu8vv,3.59,CS,5,4,1,1,5
mct3uh,3.01,MAE,2,4,2,5,2
ukn3we,3.13,ECE,5,5,3,3,4
idl8wl,2.76,CPE,1,3,1,2,2
ahd5zp,2.72,CS,3,2,1,4,4
blh6ch,3.53,CS,2,3,4,5,2
qzg5ds,3.74,MAE,3,5,2,1,1
pnd0fy,3.17,MAE,3,4,2,5,4
feh2aq,3.6,CS,4,2,3,5,1
yky5up,3.34,CS,1,1,2,1,1
fwr6au,2.94,ECE,3,1,1,1,1
fcz0fr,3.34,CS,5,3,2,2,1
xjd9hi,3.82,MAE,5,4,2,4,0
hmf6tg,3.19,CS,4,1,5,2,5
evt2ps,3.83,MAE,1,3,1,2,3
tfm9xp,2.15,CS,1,5,2,1,0
pee2fq,3.53,MAE,5,3,2,1,2
bbd8df,3.23,CS,2,3,4,4,2
ghp1wl,3.08,CPE,4,3,2,5,5
twc0gq,3.24,ECE,4,2,2,2,3
xmd2rh,2.4,CS,5,3,5,4,3
uet2tm,3.11,CHE,5,3,1,2,3
diz3bg,3.34,CPE,2,2,3,5,1
mda0rt,3.79,CS,2,2,1,2,0
qze9gf,2.99,ECE,1,5,4,3,2
eti5cs,2.88,CS,4,4,1,4,0
hje8ec,3,CS,4,1,2,1,0
vsm0bg,3.57,CS,5,1,4,2,0
fnm8wr,3.33,CS,1,3,1,4,3
dka0fg,2.99,MSE,4,5,4,4,5
upi7lf,3.41,SYS,1,3,3,2,5
krh1zm,3.24,ECE,1,1,1,1,3
rrk9yc,3.59,SYS,5,2,2,1,2
hap5ik,2.92,CS,1,4,4,2,2
dhb3ci,3.07,SYS,2,5,5,4,2
mit6li,3.04,CS,2,2,4,1,5
tww3bv,2.61,CHE,3,4,5,2,5
rwo3zw,3.32,ECE,5,5,2,2,0
cxy2fh,3.3,CS,3,5,3,2,3
lup7rq,3.2,CS,2,1,5,4,1
rcb6ks,3.11,SYS,3,2,3,1,0
gew1yy,2.63,CS,5,5,4,4,4
hlp3xc,3.03,MAE,5,5,2,3,5
sle9at,3.06,SYS,1,4,5,1,0
rjx7sn,2.88,ECE,4,1,4,4,3
tcm7uk,3.14,ECE,1,3,1,1,4
its5ia,3.36,MAE,5,1,4,3,0
tnu9wn,3.95,ECE,2,3,3,5,3
kmt7mq,3.27,CS,2,2,2,2,3
psz5jc,3.3,ECE,1,2,2,4,5
fmq6ak,3.17,CHE,5,5,4,3,1
zrb5fc,2.43,SYS,2,2,1,3,0
xfx4at,3.19,CHE,5,5,3,1,3
pyl2ep,3.22,CS,2,1,4,1,2
iyf2yw,4,MSE,5,2,4,2,3
fyy9qx,3.12,CS,3,1,2,1,1
jap5fb,3.32,CS,5,1,3,4,3
eee3oe,3.19,MSE,5,2,1,4,5
des4wj,2.73,CS,1,1,2,4,0
nai3it,3.66,CS,3,2,4,5,5
spc7fv,3.5,CS,4,2,2,4,0
sxt8bb,3.52,CS,1,2,2,1,4
umm1hj,2.84,CS,4,3,5,1,0
ael9er,3.76,CS,2,1,2,4,4
uct1pz,2.64,CPE,4,4,2,3,5
npy1xp,3.43,SYS,5,2,3,3,2
phs3fc,4,CS,4,1,2,3,1
gdx5ew,2.8,CS,1,5,1,2,2
qtz4zb,2.97,MAE,1,2,4,5,4
hrp4tl,3.24,CPE,4,2,3,4,3
sma3zt,3,CS,1,4,2,2,3
dek7jm,2.58,CS,1,3,1,3,2
opz7uw,3.23,CPE,4,3,4,4,3
wzf3wo,2.78,MSE,3,2,3,2,4
jko0ce,3.39,CS,3,1,1,1,5
qha5if,2.83,SYS,2,5,2,3,1
kbg5aw,3.82,SYS,1,5,5,2,0
rbm2wy,2.89,CHE,4,1,5,1,4
cmt1ro,3.07,CS,1,2,3,3,4
ugv6mi,3.53,CS,5,5,1,5,0
quk0dj,2.71,ECE,1,3,4,3,0
dsb0ri,3.29,ECE,1,1,1,5,1
dog7pw,3.72,CS,3,4,5,5,1
mtt7rw,2.56,CS,4,2,3,5,1
hru5ng,3.27,CS,1,1,2,4,3
koq4rx,3.3,CHE,3,5,1,4,4
jfb1xa,3.51,CS,2,2,5,5,5
rvm6qn,2.71,CS,3,3,4,1,0
nyl3ao,2.67,CS,3,2,3,5,4
det8cx,3.41,MAE,3,2,2,2,4
kfn9xw,3.32,CS,1,3,1,5,1
whs4xq,3.3,CPE,1,3,4,4,1
cnb7hu,3.34,CHE,2,2,2,4,4
slq2le,2.93,CPE,5,3,5,2,1
axw8ax,3.29,MAE,5,1,5,2,3
pzf4ml,3.32,MAE,5,3,4,3,0
igy0xy,2.91,SYS,2,3,5,1,4
gdw0uz,3.95,ECE,5,2,3,1,0
zbq3mw,3.39,ECE,5,1,4,1,3
ajx7gi,2.72,MAE,3,4,5,4,1
yir3tt,3.46,CS,1,4,1,1,2
vmn0yx,2.81,CS,1,5,5,3,3
hgx8wf,3.51,CPE,3,3,3,3,2
hlh9kf,3.66,CS,3,3,2,1,0
mmc1vt,2.87,MSE,3,1,2,2,4
dyr0sh,3.59,ECE,1,4,5,3,1
hdq4yk,3.37,CS,5,5,2,2,3
imd6xz,3.53,CS,3,1,5,4,1
ecj0zi,3.96,MAE,2,3,3,3,2
yje0cd,3.1,CHE,3,4,2,2,2
nhb0hh,2.9,ECE,4,5,1,1,5
teq6ji,2.84,CS,3,2,5,4,4
flw7ld,2.87,ECE,1,4,2,5,2
fdu0eh,3.17,MAE,3,5,3,5,4
rcw8cs,3.34,CPE,4,1,3,1,5
gtn3jt,3.31,CS,2,2,1,4,3
teg8go,3.53,CS,5,5,3,4,5
elz4aq,3.21,MSE,3,5,3,4,4
kbe5yb,3.78,CS,4,3,2,4,2
krl4eb,3.09,CS,4,4,5,5,0
sge3ho,4,CHE,2,3,4,2,4
byj8rb,3.45,CS,1,2,3,4,1
gah9dr,2.86,ECE,3,5,3,2,0
xbm7ah,2.77,CS,4,3,4,4,4
ljn5ak,3.39,CS,2,4,3,3,1
klg7sn,3.11,CS,5,2,2,3,5
hdj1gd,3.49,CHE,4,1,2,3,0
pmn8on,3.39,SYS,2,3,4,4,4
zqj0wg,3.17,CPE,1,2,3,2,3
cel9uf,2.86,CHE,1,1,3,5,5
odg3ic,2.59,ECE,4,3,5,1,1
iba8ik,3.02,CS,4,2,3,5,3
ieg2du,3.54,CS,3,2,2,4,2
wbk4ft,3.29,MSE,2,3,1,3,5
cee3xa,2.7,MSE,4,2,1,3,5
pxj5yt,3.27,CS,3,5,1,2,4
nyn4wt,3.35,CS,3,3,1,4,4
ewu4yk,2.85,SYS,4,2,3,5,1
emr7gq,3.26,CPE,1,1,3,4,5
pnr9gk,3.22,CS,2,1,5,4,4
kqq2pn,2.74,ECE,2,5,3,3,2
gkg2rs,3.34,ECE,1,3,1,5,4
uiv7lt,3.42,CHE,4,2,4,1,5
eje8ea,3.63,ECE,2,2,4,3,0
cix6ou,3.62,CS,4,1,2,5,3
rpl0gi,2.65,ECE,4,5,2,2,5
opo6av,2.82,CS,3,1,3,3,2
ppw3sh,3.41,ECE,1,1,4,2,5
ckr5ct,3.41,CHE,4,5,1,3,2
jns5oe,3.41,SYS,5,3,1,4,5
xqf6cn,4,SYS,1,2,1,5,3
zdr8bz,3.43,CPE,2,3,3,2,3
yyi1wj,3.65,ECE,3,4,3,3,2
uhz7jj,3.58,CS,2,4,5,2,5
hbs8at,3.46,CPE,2,4,1,3,3
vxa6nb,3.07,CS,1,5,1,3,1
spw2kv,3.5,CPE,2,1,3,1,5
cwc9vk,2.89,ECE,4,3,3,1,3
yix9ra,3.11,MSE,2,2,5,1,0
sxl2fo,3.01,ECE,3,4,5,2,0
ztz1zg,3.23,CS,3,3,2,4,1
wuy3ro,4,SYS,5,4,4,3,3
qpb8wi,2.45,MSE,3,4,1,5,0
zut4ut,3.47,CHE,2,2,1,1,5
isu1ko,2.55,CS,3,5,5,2,4
oor0xk,3.01,CS,1,1,5,2,3
xjo8nn,3.64,SYS,3,5,2,2,1
chd7cx,3.23,CS,4,3,4,5,3
ggi1xb,2.77,ECE,1,5,2,5,2
xxc2sk,2.91,CS,5,3,4,1,2
lhb4ax,3.47,CS,4,3,1,5,0
qeb7vt,2.91,CS,2,1,2,1,2
lhu0ze,3.29,CS,2,2,5,5,1
kij7ll,3.22,CHE,2,1,2,5,0
dmt3my,2.94,MSE,4,5,2,5,1
hyb2cf,4,CPE,4,3,1,1,5
ghc4br,3.45,CS,4,4,5,3,1
oxd6dx,2.39,CS,1,4,5,1,2
hmw7gh,3.27,MSE,1,3,3,3,5
trn3pm,2.94,CHE,2,1,3,2,2
okp3ee,3.54,CS,3,2,3,2,1
yxz6za,2.88,CS,2,1,1,1,2
uem6li,3.15,MSE,5,3,2,3,2
zdj3lf,3.4,CS,1,3,5,3,2
lnt4cu,3.55,CPE,4,2,5,3,3
gka5kl,2.72,MAE,1,5,2,2,5
buu9jk,3.07,ECE,4,5,5,1,5
urj6wu,3.01,CHE,5,2,2,4,5
pnw4bx,2.94,CHE,5,5,1,3,1
avi3lg,3.91,CHE,1,4,1,3,4
bvb0kv,3.36,MSE,4,5,1,4,1
krq9yk,2.7,CPE,5,5,2,1,5
lws6jk,3.57,MAE,2,5,2,3,0
utk8hv,4,MAE,2,4,4,1,2
kda1dh,3.61,CS,4,5,5,3,2
tsi4yz,2.59,CS,1,4,5,5,4
veg1ek,3.01,CS,5,2,4,3,0
yjo3gs,3.71,MSE,1,1,4,5,3
tdh9lf,2.92,CS,2,2,1,1,1
vmq0cx,3.38,ECE,5,1,4,3,3
axe3ji,3.51,CHE,1,2,2,2,0
ztx7cc,2.83,MSE,3,1,3,2,4
wco8cq,3.18,MAE,4,1,2,4,0
bet8qb,1.9,CS,4,3,4,2,4
yxc3kj,2.79,ECE,3,1,5,5,3
wql4bw,3.1,MAE,2,1,2,2,3
nuc9mz,2.7,CS,5,3,5,2,0
pft1ha,3.85,ECE,4,5,2,2,0
umn1qe,2.63,CHE,3,5,5,3,2
vxr5cu,3.02,CS,3,3,2,4,4
ldt8na,3.25,MAE,2,4,5,1,2
pfj3et,3.78,ECE,2,1,3,4,1
ypw2uy,2.63,CS,1,1,1,5,1
zyj2yz,3.67,CS,4,3,2,3,0
jau2bk,3.2,CHE,1,3,3,3,3
cjo7dp,2.81,CS,3,4,1,2,1
qmx0gq,3.38,CS,5,5,2,2,1
gov2ap,3.28,CS,5,2,3,5,2
syw7pa,2.96,CS,2,5,3,3,2
xnw1oc,3.23,ECE,5,1,3,1,1
rbm5na,3.05,CS,5,3,4,4,0
chp1oq,3.25,CS,5,4,5,3,2
jhs6yb,3.46,CHE,3,5,1,1,1
ack8vt,3.83,CPE,5,4,5,1,3
irz4pa,2.7,ECE,5,5,5,4,2
rkg7ub,4,SYS,5,1,5,1,1
qkl8bo,2.42,MAE,1,2,3,5,4
kzi0ps,3.14,CPE,3,4,5,1,2
dpv1tf,3.44,ECE,2,4,4,5,4
lss4kv,3.31,ECE,1,2,2,1,2
zip2yj,2.95,SYS,4,4,3,2,2
qgi8io,3.12,MSE,3,4,1,1,5
ukh5bj,3,CS,3,5,2,5,5
nqv1nt,2.96,CS,4,5,2,1,4
grh9sz,3.54,CS,4,2,2,1,0
tcc6lo,3.34,CS,4,1,5,1,1
xuo0wg,2.92,CPE,2,4,5,5,0
awu3ib,3.56,MAE,5,1,3,1,0
dsh2fu,3.32,CS,3,2,5,4,5
cgh4in,3.53,CS,5,2,5,4,1
vxu3pj,3.45,CS,5,5,5,5,5
vyk1ay,2.87,MSE,4,4,3,2,5
you4qw,2.98,SYS,2,3,3,4,5
wjp6pi,3.5,CHE,1,2,4,3,3
wif8dc,3.44,CHE,2,4,4,4,0
eew2hp,3.19,ECE,5,1,4,3,0
kln7ba,3.25,MAE,2,5,4,5,0
jny1vb,3.71,MAE,4,1,2,2,3
bou3tk,2.96,MSE,1,2,2,3,2
dmg1xh,3.42,CS,4,2,4,3,4
rrr2ne,3.12,CS,1,1,4,4,4
aho3cm,3.11,CS,5,2,1,3,3
nef9gf,3.64,ECE,1,4,2,5,0
pqg5ei,3.53,MSE,1,2,1,5,4
kkt8kk,3.53,ECE,1,5,1,5,3
wqm7ez,3.72,ECE,2,4,5,4,5
glw6mz,3.21,ECE,2,3,3,2,1
ofm4ft,3.47,CS,5,2,2,4,4
dqb1re,3.08,CS,1,2,4,5,1
ihs2cq,3.33,SYS,3,5,4,4,0
nfm5zf,3.15,ECE,5,5,3,5,4
uvo7ae,3.24,CS,1,1,2,1,3
kqo7ji,3.44,CS,1,1,4,1,2
oat7wx,2.87,CS,2,1,4,3,4
hza2pz,4,CS,5,5,5,2,4
nzh5qz,2.8,ECE,1,1,1,1,4
byw6gw,2.71,ECE,1,1,4,5,4
qox7rj,3.66,ECE,5,3,2,4,3
vty3pi,3.52,CHE,3,1,3,4,3
nyj9cx,3.45,CS,5,2,5,3,2
sti3jk,3.45,CS,5,5,2,4,3
uxo2ee,3.2,ECE,3,4,5,1,3
oqx7fy,2.84,CHE,5,3,1,4,0
lca7lc,3.23,CS,1,5,4,1,0
ecy4zr,2.93,CHE,5,5,2,1,1
smc7rr,3.59,CS,3,2,3,2,2
iup1xi,3.14,CS,4,1,1,3,0
cfo7gi,2.87,MAE,5,2,1,5,2
eht9xl,3.07,CS,2,1,5,1,2
tvu5og,3.37,CS,1,1,1,3,4
hci5bz,2.97,ECE,1,5,2,5,5
stw6dj,2.87,ECE,2,1,5,4,5
qnh4jn,3.3,ECE,2,3,1,3,5
hqm9zz,3.3,ECE,5,3,3,3,2
fin3xs,3,CS,2,3,2,3,4
wcn3jx,3.01,CS,4,5,3,4,1
asy8wm,3.29,CPE,3,2,3,4,1
tdj4oo,2.62,ECE,2,4,5,3,5
vwe1mt,2.64,CS,2,1,4,2,1
xje9yz,2.91,CS,4,4,5,1,4
zwy2vb,3.11,CS,1,2,2,4,5
aiv1cw,3.32,CPE,1,2,2,2,4
oud0eg,3.79,CS,5,5,5,4,1
pwj1zt,3.54,CS,4,3,4,3,5
rts9lm,3.14,ECE,3,3,5,2,4
hdu1nw,3.19,CS,3,2,2,5,3
kvd8oz,2.8,ECE,4,5,4,1,3
egv1td,3.19,SYS,3,5,2,1,4
msl6pu,3.08,ECE,1,1,4,4,4
nwy0sa,3.33,MAE,3,3,4,1,0
flr1dn,2.87,MAE,3,2,5,5,0
anl3ig,3.41,CHE,4,4,5,2,2
tom9fh,3.81,ECE,4,3,5,2,5
dji4gc,3.16,MAE,3,1,4,3,2
okg5mu,3.36,CS,2,5,4,2,2
cxf8hp,3.48,MAE,4,2,2,4,1
kmq5iv,3.04,SYS,5,3,3,5,3
ane2do,3.29,CHE,5,4,5,3,1
pfy9ae,3.21,MSE,1,1,2,4,5
jag0nx,3.24,CS,3,1,2,4,4
fzj4tl,2.89,CS,2,3,1,4,0
snv5bw,3.21,ECE,1,4,5,1,5
ahp7nu,3.4,CS,3,1,2,4,4
did6jm,3.78,CS,4,2,1,1,5
eiq1gl,3.58,MAE,5,1,5,2,4
lxn9xf,4,MAE,2,4,4,1,0
koi7ur,2.89,CS,5,5,1,4,4
ygk9vq,3.55,SYS,4,5,4,5,2
urd7yc,3.27,MSE,3,3,3,5,5
sof2dv,4,MAE,4,4,3,2,0
mzu5lv,2.88,CPE,4,1,3,4,4
bwl8om,2.86,ECE,5,1,3,1,2
dyx8sj,2.96,CHE,2,5,2,5,2
yaq7qf,2.35,CS,4,5,3,3,3
yxf6wy,2.99,ECE,5,2,2,4,2
xex9zs,2.9,MAE,2,5,2,4,1
kno9ja,3.26,CPE,3,2,5,3,0
vyb7ck,3.34,CS,3,1,2,5,0
pqa0ia,3.95,CHE,1,2,2,3,0
rqw3vt,3.58,CS,5,2,3,2,4
ody7oe,2.97,MSE,2,3,2,1,5
llt0ap,2.84,CS,4,5,4,1,4
brc0cn,3.4,MAE,3,2,3,5,1
olu8ln,2.67,CS,2,1,1,3,5
ijc1bx,3.93,CS,5,4,3,4,2
zwt8cl,3.67,CHE,1,2,2,4,4
urh4sq,3.01,ECE,3,5,4,4,5
zwr2ja,2.51,CS,2,3,3,2,2
fxe5zw,3.74,CHE,2,1,4,2,5
lbc4rz,3.15,CS,2,3,1,4,2
pvo3mf,3.7,MAE,5,4,1,5,5
pbm4fa,2.56,MSE,5,2,5,2,4
jik8ff,2.96,CS,5,2,5,2,4
kmu8sx,3.2,CPE,4,5,3,1,1
dxq4fw,3.22,CS,2,2,5,1,3
vkk9ye,3.02,CS,3,1,4,5,0
ztn9wh,3.45,CS,5,4,5,2,4
fce0fm,2.77,ECE,5,3,4,2,4
wmp3co,3.14,CHE,2,4,5,3,2
mwe5id,3.25,CHE,5,2,5,5,3
eki2np,3.41,CS,4,3,5,5,4
oxg1cr,3.48,CHE,4,5,2,3,5
quy5tw,2.75,MAE,5,4,2,3,3
dvh5sc,2.59,CS,2,3,5,1,0
jke8mf,3.71,CS,2,3,4,5,5
mfo8dg,3.33,CS,2,3,3,5,2
cjx4dt,2.9,ECE,1,1,1,3,1
tqb5mf,3.82,CS,5,4,2,4,5
orr8jj,3.25,CS,2,3,5,4,0
gvv2zv,3.67,CS,4,4,1,1,5
fee2vu,3.23,CS,3,3,2,4,3
peh9hj,4,MSE,3,5,3,4,3
xjt2cb,3.9,CS,2,5,4,4,0
iqp0cq,3.1,CS,3,5,5,2,3
zmt2kc,3.59,MSE,3,2,3,1,5
sof9bc,3.46,CHE,1,3,2,3,1
nhw6kc,3.75,CHE,4,2,5,4,5
usf4nk,2.81,CS,4,4,1,2,1
bui7gm,3.47,MSE,1,2,4,4,3
lbc9bv,3.62,CS,1,4,2,2,5
zuu8eb,2.5,MSE,3,4,4,1,3
zef0jw,2.73,CS,5,4,5,4,1
bdi8rl,2.38,CS,3,2,3,2,3
wtx8kj,3.09,CS,1,3,4,5,4
gtc5xx,3.49,CHE,4,2,1,5,2
nms2bu,3.8,CS,3,3,2,2,5
sgb7oo,3.23,CS,5,3,1,4,4
ovd5cu,3.85,CPE,3,4,4,4,3
scm3ql,2.65,MAE,2,2,3,1,3
ern0yc,2.52,CS,3,3,3,1,2
lig7np,3.18,CS,1,5,1,3,3
gux2xr,3.35,ECE,4,3,5,1,2
dzc2rr,3.19,CS,4,5,5,4,5
ajr8rb,2.37,CS,1,2,3,3,1
ixr8ly,3.16,MSE,2,2,1,1,2
cjk9mc,2.68,CS,1,2,1,2,2
gvu9sd,3.47,MSE,3,3,1,5,4
svz4ik,3.35,ECE,1,1,4,1,3
ohd8so,2.82,SYS,1,3,5,1,5
yru5ed,2.99,ECE,2,3,5,2,1
qtf8dh,2.78,ECE,3,4,4,4,0
tcv6gz,3.17,CS,5,4,2,2,2
uuv5mu,3.58,CPE,5,3,4,1,0
wnl0bm,2.81,CS,4,5,1,4,3
bmg3vt,3.4,CS,1,4,4,3,2
ikv9gq,2.99,CS,4,3,1,1,0
qjz0zb,2.88,CS,2,1,3,2,4
ezs2go,3.16,MSE,5,5,1,3,0
ihd8fh,2.79,ECE,1,2,5,5,4
frw9yz,2.98,CHE,2,3,4,3,1
hqk0fl,2.72,CS,2,3,1,2,3
tzq5eq,3.99,CHE,1,5,2,3,5
goo4fq,3.21,CHE,2,4,3,2,0
grl0zg,2.92,MSE,1,4,2,1,2
psc0gi,3.29,CS,1,4,2,4,3
yvb4yi,3.16,CS,3,2,2,5,0
exp1km,3.11,SYS,4,5,3,4,2
loy4xn,3.45,CS,2,5,3,4,2
otv9zo,3.5,CS,2,4,3,4,5
wmc8xq,2.99,MAE,3,4,3,2,5
uxe0hp,2.97,CS,3,1,2,2,2
bbk3hc,3.09,CS,3,1,5,5,5
ryx1az,2.28,CS,5,3,5,2,2
fin7zu,2.59,CS,5,3,3,2,0
xoz1eg,3.75,CS,5,5,4,2,1
jub9ir,3.86,ECE,1,5,1,2,5
quw6eb,3.1,ECE,2,2,4,1,4
lto6qq,3.43,MAE,4,2,4,5,4
auf7ct,3.32,CPE,1,1,4,2,4
ugi8fp,4,MAE,2,3,5,5,1
rhc1jk,3.65,CPE,2,1,1,3,2
pjy1in,3.15,ECE,3,1,4,1,2
txx1ne,2.82,CPE,3,3,3,2,3
ptw1uc,2.56,CHE,1,2,5,1,4
oyv5ey,3.28,SYS,3,3,3,1,4
cww9yr,2.9,CHE,2,4,3,3,2
rdi4fs,2.63,CPE,3,4,4,5,4
den5gk,2.94,SYS,5,4,3,1,2
lsg5el,2.77,CS,3,5,1,4,2
fkv9db,3.87,CS,2,2,3,3,5
mqc4kl,3.55,ECE,1,2,4,4,2
ugr3uh,3.2,CHE,4,5,3,3,0
unc9wj,3.79,SYS,3,1,5,4,0
krm8ft,3.23,CS,2,4,5,4,0
fhw9xc,2.86,CS,4,4,5,1,0
fec5bj,3.81,CHE,4,1,2,1,1
uxs6lz,3.42,CS,5,3,5,3,3
cgw1oe,2.79,CS,4,3,5,5,3
iog9xz,3.12,ECE,2,2,2,1,2
omv7jt,2.85,MAE,2,5,5,1,4
cfh6gp,2.65,ECE,3,2,4,2,0
cfo3ph,3.57,CS,3,3,5,1,3
kvz9vv,3.96,CS,3,1,5,5,3
tsb7iy,2.64,CS,4,2,2,2,0
qsn9ch,3.43,SYS,4,4,4,4,1
paa0no,2.94,CPE,5,4,3,4,1
mok5zu,3.01,CS,3,1,1,2,3
gpv1po,2.96,SYS,1,3,4,2,1
sqt8tf,2.85,MSE,5,4,3,2,5
xnt9ab,3.22,CS,1,4,4,3,0
dld2tx,2.87,CS,4,5,3,5,3
mhp9pi,3.31,CS,5,2,3,5,0
xzo6yg,3.18,ECE,5,3,4,4,1
ely8po,3.1,SYS,2,2,2,4,0
cvj8zh,2.84,ECE,4,3,4,4,1
bly9ke,2.97,CPE,4,4,4,1,1
byx9re,3.5,CS,5,5,3,4,0
mjc5nv,3.4,MSE,4,2,1,2,1
naq5rp,2.81,ECE,5,4,3,4,5
ytv6lp,3.24,CS,2,3,5,2,2
ajz9rh,3.5,SYS,5,2,4,3,0
nyw3wr,2.53,ECE,4,2,4,1,2
nxe4tk,3.42,CS,4,4,2,1,0
gtw0rf,2.93,SYS,5,2,3,5,1
xmn6an,3.43,SYS,5,5,2,3,1
ohl7we,2.89,CS,5,5,4,2,3
rwz1mg,2.48,SYS,3,4,3,3,5
kdm0uj,2.55,ECE,4,3,3,1,3
rvz1yh,3.22,CS,4,4,5,2,2
jut4pd,3.3,MSE,3,5,5,3,1
jnt2xh,2.84,SYS,5,1,1,1,3
wze5vt,3.46,CS,2,1,5,2,1
mzb9bg,2.54,CS,5,2,3,2,0
syw1mq,3.17,CS,5,2,5,1,3
zqn1nt,2.72,CS,3,1,1,2,2
gfr5nq,2.94,CHE,4,5,4,1,3
abk3ay,3.22,ECE,5,2,5,4,1
kcs2hm,2.86,MAE,4,4,3,4,4
ytt5oq,3.05,ECE,1,4,4,2,4
kgi4jn,3.6,CHE,4,5,3,2,5
uco0jv,2.97,ECE,2,2,4,1,1
ohw5xe,3.53,CS,2,4,3,2,0
dmr1ww,2.75,ECE,5,2,5,5,3
bcv8ie,3.41,SYS,4,2,5,4,4
nzt3ly,3.78,CS,5,4,1,2,0
hqn4io,2.21,CPE,3,1,4,2,1
gie5er,2.88,ECE,2,4,1,3,0
kfb1ow,3.43,CS,5,5,2,2,1
qzs5mu,3.12,MAE,3,3,5,5,5
pbh9oi,3.35,ECE,5,4,4,4,3
ezd8ha,2.96,CS,4,2,1,3,0
ezd9kl,3.23,CS,4,2,1,1,3
wnz5ov,3.14,ECE,4,4,2,1,0
eth4fw,3.67,CPE,4,3,1,4,1
czp9wg,3.3,MAE,1,4,3,1,1
uib0pn,3.34,ECE,3,3,5,5,0
fvh0og,3.04,SYS,3,3,1,2,5
xtp0kx,3,MAE,4,5,1,4,1
nli8sb,3.03,MAE,1,2,2,3,2
onr1ek,3.36,CS,4,2,3,2,2
ria7kq,3.03,ECE,1,3,1,1,3
ezh0nn,3.32,CHE,4,2,5,1,2
lib2dr,4,MSE,2,1,5,3,2
pex3cj,3.55,CS,2,3,1,5,5
fla4sc,3.07,CPE,5,2,3,3,5
xmz3cy,3.68,CS,4,1,5,4,4
sye5kz,3.04,MSE,3,5,5,3,4
ayk8sv,2.38,CS,5,2,3,1,5
yub9bx,2.8,CS,2,1,3,5,4
tzy4vw,2.45,CPE,4,4,1,5,5
wek4bk,3.06,CS,5,4,4,3,4
iax3zx,3.21,ECE,4,1,2,4,1
lia9gw,3.87,CS,2,3,4,1,5
byu0pu,3.33,SYS,5,3,4,2,3
ytu8ks,3.11,SYS,2,2,5,5,3
rem9ir,3.53,ECE,1,4,3,3,5
hta7cn,2.32,MAE,2,3,5,4,2
nvt0tg,3.29,CPE,4,3,2,4,3
wwf1rc,3.51,CPE,3,4,1,1,2
sbk8ql,2.61,CS,2,5,2,5,3
ywa8nr,3.66,ECE,3,3,5,1,0
hwv4nn,3.34,CS,1,1,5,2,0
ujf8ee,3.03,MAE,5,2,5,2,5
cpx8ho,3.45,CPE,5,3,5,2,3
cwq2yt,4,CS,3,3,4,4,1
ixv2hx,3.27,CS,5,5,1,5,2
qpf7kg,3.3,CPE,2,1,4,1,3
kdf6ek,3.02,CPE,3,2,5,1,5
iqi9rn,2.86,ECE,4,3,3,2,2
tmj3tg,3.53,CS,2,2,4,5,4
dis0tc,2.86,MAE,2,4,5,5,5
xoq8ml,3.23,MAE,2,3,5,3,3
egj1nj,3.01,CPE,4,3,1,5,1
cqc9yu,3.39,CS,1,4,2,5,4
add8hq,3.33,CS,5,5,4,1,5
uxw9am,3.62,SYS,3,3,4,5,3
qak0sd,3,ECE,1,2,4,5,0
qig1my,3.09,ECE,3,1,5,1,3
koq4xc,2.81,CS,5,2,1,5,0
yjj2jk,3.02,ECE,4,5,5,1,0
yjh3pp,3.35,SYS,2,1,5,3,5
sft9pa,3.5,CHE,2,2,3,4,3
mqm5al,2.83,CPE,4,2,1,1,3
gaa1yj,3.55,MSE,1,4,4,1,0
jrm9dl,3.74,CPE,1,5,2,5,2
enp6dr,3.37,MAE,3,4,4,1,4
nna5st,3.95,CS,4,1,5,2,1
vma2jr,2.89,CPE,1,4,1,2,3
dak9gp,2.7,CS,4,5,1,3,4
ish2pj,2.49,MAE,5,3,1,1,4
mbp2xa,3.8,MSE,2,3,3,5,2
mkj8sl,3.46,CS,2,1,4,5,4
tdk1li,3.18,ECE,2,3,3,4,3
iqi7nw,3.31,SYS,4,4,2,3,5
mlg6sx,2.75,ECE,4,1,5,5,5
tnv4xs,4,MAE,3,5,3,4,4
tce8ba,3.25,SYS,2,1,3,5,3
akl3qg,3.24,ECE,3,1,5,4,3
wps1hx,3.49,CS,2,2,1,2,0
tnv4jg,3.39,CS,3,2,5,2,2
wyj6pi,3.29,CHE,3,1,4,5,1
gjp1ax,2.88,CS,5,3,5,3,0
zmh6nk,3.39,MAE,3,2,1,1,1
bon0ta,3.95,CS,4,5,5,3,3
gzi4tt,3.74,CS,3,4,3,3,5
sxm2bl,3.84,CPE,2,2,2,1,0
jbs1nt,3,MAE,3,1,3,2,4
srv9pq,2.8,CS,1,3,2,2,4
dda5ij,3.15,CPE,2,4,5,1,1
qwp7ag,3.22,CS,1,2,4,4,3
qil7qa,3.64,MSE,2,3,5,3,5
pmi8uw,2.52,CS,4,3,1,5,1
agf9tx,3.81,ECE,4,3,5,2,5
zae4yl,3.14,CPE,4,1,2,5,2
isz3nd,3.03,CS,1,5,3,1,5
izt4hn,2.8,SYS,5,3,4,5,4
ogg2rq,2.54,CHE,2,4,5,5,0
rql9lz,3.53,CS,4,2,5,3,0
icc9kn,3.23,CS,2,4,3,1,0
qjo8mu,2.68,CS,1,1,4,5,5
gac2bf,2.68,CS,5,1,5,2,4
awz7oi,3.07,CPE,1,4,5,1,5
reh6mt,3.87,CS,2,5,2,2,3
wgl0je,3.1,CPE,5,1,2,4,4
pxi7ma,2.6,ECE,5,1,1,5,4
dkv5gf,3.1,CS,1,4,3,1,5
hzr2yw,3.09,CS,4,1,4,2,5
lxu8ya,2.12,CS,2,5,5,5,0
lzj5sp,3.18,CS,3,5,5,3,4
anh1we,3.11,MAE,3,5,1,2,0
tzq5nx,3.48,ECE,1,2,5,2,3
ipc3vs,3.94,CHE,2,5,3,4,2
ubd8lr,3.65,ECE,2,5,1,3,0
lai6hi,3.09,MSE,1,2,3,4,5
kph5ik,2.76,CS,2,3,1,3,1
mtu6il,4,MAE,4,1,5,2,2
pvc7pq,3.22,CHE,1,5,1,4,3
aoy6cd,3.21,CS,4,1,2,5,5
uwa0ti,3.19,CPE,2,4,4,3,2
ptq6vj,3.28,CHE,1,1,5,2,5
erg3ce,3.14,SYS,2,2,4,1,0
jwj9rd,2.97,SYS,1,1,5,3,5
qml4vh,2.98,MAE,2,1,4,3,3
xkk0rv,3.19,CS,4,1,2,5,1
cgr9um,2.98,CS,4,3,4,3,0
brr2ds,2.91,CPE,2,3,1,3,0
blr1kn,3.24,CS,1,4,4,5,3
rxb5zh,3.1,CS,3,2,5,5,3
owi0gt,3.8,MAE,4,1,3,4,2
sfl1ee,2.14,MAE,4,1,4,2,1
skt3oa,3.64,MAE,3,1,4,2,5
eog0bq,3.7,MAE,2,1,4,4,2
kgz9xw,2.37,CS,1,3,5,2,5
qzc4ah,3.06,CS,2,4,4,3,5
zlo5ov,3.05,ECE,5,5,5,4,5
btv7cs,2.64,MAE,4,2,5,4,2
qqg5pa,2.89,CS,5,1,3,2,0
oap9oh,2.76,CHE,4,4,1,1,3
oyj8ct,3.9,CS,4,5,5,2,0
wda1pj,3.57,MSE,5,4,2,1,1
hfa0ze,3.71,CS,5,3,4,4,2
fpz6fy,3.49,CS,2,5,2,1,1
fgp5vk,2.75,CPE,5,4,4,3,3
yvm7xv,2.99,CS,2,3,3,5,3
xwj4rg,3.4,ECE,2,4,5,1,4
cbp0qa,2.71,MAE,2,4,1,5,1
xok8ar,3.49,ECE,4,5,5,3,0
xpw8nd,3.1,MAE,4,3,4,5,1
wey7wg,3.05,ECE,5,1,1,3,2
omc0zn,3.48,CS,4,2,5,5,3
jas6vl,3.38,CPE,5,5,1,5,3
kdr7la,3.06,CHE,4,3,4,2,1
cxn7uh,3.66,CS,1,4,3,1,1
dok4xm,2.77,MAE,1,3,3,5,5
wod2kl,3.45,CPE,5,2,5,4,1
tih5yu,3.44,CS,4,2,2,2,5
njm6li,3.08,CS,4,1,4,1,2
edg1ey,3.33,CS,2,1,5,2,2
tqr7lk,2.7,CS,3,2,5,1,0
car1um,3.57,MSE,5,5,3,3,1
qry3af,3.13,CS,3,5,1,5,0
pxf9qs,2.99,CS,3,4,4,4,4
kpz4on,3.62,CS,5,1,1,2,2
smm2dc,2.92,CS,4,4,4,2,3
czb8ld,2.64,ECE,5,1,2,2,5
ksm6tv,2.58,CS,3,2,3,2,4
pln9fo,3.44,SYS,4,5,2,5,3
bws1qe,2.69,ECE,1,5,5,1,4
zeb8qp,3.9,ECE,5,2,3,5,0
ljv9lj,2.37,CPE,5,4,5,3,0
krg7eq,3.88,CS,4,4,2,5,5
xdr5yr,3.28,CS,1,3,4,5,2
ymf7zu,3.16,ECE,1,1,5,3,5
yfb0og,2.98,SYS,4,4,1,5,3
pnt9bp,3.36,SYS,2,2,4,1,4
tcw3ei,3.18,MAE,5,4,4,4,5
tdd2rh,3.64,CS,5,5,2,3,1
mot0ci,3.25,SYS,3,1,2,2,1
bra9yw,3.26,CS,4,3,3,1,2
fop1nz,3.05,CS,3,1,3,4,5
lfe2ej,3.18,CS,3,5,1,1,3
zrd7cb,3.32,MSE,1,5,4,1,1
dcn5jn,2.52,CHE,5,5,1,2,2
pkx9pl,2.66,MAE,3,5,1,4,5
xdn8uf,3.5,CPE,1,2,2,1,2
osy6al,3.27,CPE,4,3,1,2,3
gwy7fu,3.13,MSE,3,5,1,3,1
abf4vp,3.21,SYS,5,5,5,2,1
lsx1mn,3.34,CS,3,4,3,5,1
yle8mq,2.98,CPE,4,3,3,2,0
mxu2rh,2.89,SYS,3,1,4,2,1
dfx3ke,3.28,ECE,5,3,3,2,4
xex2nv,2.81,MAE,1,3,4,1,0
bbs3zt,3.36,CS,5,3,5,4,5
sup1zu,2.52,MAE,1,5,3,2,0
gpp2vo,3.61,CS,2,5,5,2,0
byx3sl,3.39,CS,5,2,3,5,0
ajn8kq,3.3,CS,5,1,3,5,2
ajr4fq,3.59,ECE,4,4,5,3,4
gfe3hu,3.87,CHE,3,3,1,3,3
zkw4hl,3.61,CS,1,1,1,5,1
iqn6ck,2.46,MAE,1,1,1,4,0
udx4mp,2.69,CPE,4,2,1,3,3
gif6ow,2.95,CPE,4,4,3,4,2
zhn4sw,3.21,CS,3,3,2,5,3
tzh8mb,3.41,MSE,3,4,5,3,0
meh9jz,2.91,SYS,5,2,2,2,5
wae5gz,3.27,ECE,2,5,2,5,4
vsn2ew,2.9,CHE,3,1,4,3,3
ufz9nj,2.96,CS,4,3,1,4,0
fgp6eg,2.64,CPE,3,5,3,4,0
tdu6ga,2.83,CS,1,2,1,3,1
thc4ao,2.66,CS,2,4,1,4,5
ube3rt,2.81,MSE,5,1,2,3,1
ykn1wf,3.62,CS,1,3,4,3,5
sio0en,2.82,ECE,1,5,1,4,4
bgb2yh,4,CS,2,5,5,1,1
jbx3eh,3.4,CS,5,1,5,2,4
nsr1fu,3.27,CHE,4,4,1,5,2
zfw7cz,2.86,SYS,5,2,2,2,2
dge5zz,3.48,CS,3,4,2,5,5
slk2xm,2.97,MSE,1,4,3,5,5
uoj9iu,3.25,CS,3,4,4,2,1
fwd6jc,4,CS,4,1,2,3,2
hkt6oy,3.16,ECE,3,1,3,4,3
rxt4au,3.66,CS,5,2,5,1,3
tie9zg,2.92,SYS,3,4,5,1,3
tzw9hl,3.19,MAE,4,1,5,1,2
wua3lx,3.91,CS,4,2,1,2,3
brp9gj,2.95,CS,4,2,4,2,4
raq3mb,3.92,MAE,5,4,3,3,0
xtk1wt,3.48,CS,4,3,4,1,5
lym6vd,2.98,CHE,1,4,1,3,1
ima1nm,3.45,CS,4,3,3,1,4
sjz6vb,3.59,MAE,3,2,3,2,3
cvu7cp,3.45,CHE,3,1,2,4,0
pas8pi,2.57,MAE,3,5,4,4,1
zpo5bp,2.91,CS,5,2,4,4,4
neo8lc,3.1,CHE,3,1,2,4,1
rlx8gc,3.17,MAE,5,2,5,5,5
yrz7ja,3.45,CS,5,4,1,1,2
rtb4ow,3.27,CHE,4,3,4,4,3
wmd7hj,2.67,MAE,1,2,2,5,4
bru6fh,3.35,CS,4,1,3,5,4
jai8er,3.44,MSE,4,4,2,5,0
due7dx,3.42,CS,5,5,5,3,0
rxk7ic,3.63,MSE,5,4,1,3,0
awh4ts,3.53,MAE,3,3,5,5,1
ray7ec,3.38,MSE,3,4,3,4,3
kbh2fo,3.17,MAE,4,5,3,1,1
fkn7iv,2.54,ECE,2,1,3,2,3
hvv1zi,3.37,SYS,2,2,3,3,4
hoi0hy,3.28,CPE,3,3,2,4,1
vos4oi,3.31,MSE,2,5,3,4,1
qic6ng,2.69,MSE,3,3,3,2,1
jdb4gq,2.77,MSE,5,4,2,2,2
xtt9bm,3.62,ECE,4,3,3,4,5
jbm1sb,3.18,MAE,1,5,5,2,3
gla2my,3.47,CPE,4,2,5,4,3
gjt4td,3.21,CPE,3,2,4,2,1
ggd5tl,3.21,MSE,3,3,5,2,2
vif6mv,3.58,MAE,4,1,1,4,1
mir9do,2.99,CS,3,3,1,5,3
iqq8wj,3.24,CS,2,4,1,4,5
rez8lr,3.02,CS,2,2,2,1,5
ojl6jz,3.03,CS,3,2,5,2,4
afc0ki,3.08,ECE,3,2,1,3,2
lhe8qv,3.29,CS,2,1,4,2,5
xcd7zx,3.01,CS,3,1,2,1,2
rwf3iz,3.7,MAE,3,5,4,3,1
oer8zb,2.84,SYS,4,3,5,3,4
lgc3ay,3.13,CPE,1,3,3,4,3
dzk2sf,3.02,CPE,2,4,4,5,5
ajx7ot,3.78,CS,4,2,3,4,5
iqf9qk,3.28,MAE,1,1,2,3,0
yyi2fx,3.61,SYS,3,4,4,3,3
ytd5di,2.61,CPE,3,4,4,5,5
eye2el,3.31,MAE,4,1,2,2,5
onh0tu,3.56,ECE,3,3,2,5,3
apx4cq,3.23,CS,5,2,1,4,4
xpn5zc,3.63,CS,4,3,5,2,2
esn7sm,2.99,CS,1,4,4,4,3
krb4fw,3.76,CHE,4,2,4,5,2
zic2pn,4,CS,2,5,2,2,4
sup1nj,3.05,CS,4,4,2,5,4
ail1ol,3.02,CHE,3,3,5,1,1
kub8au,3.78,CS,3,3,2,3,0
kzh7ok,3.83,CPE,5,3,3,2,4
ghn3ut,2.99,CHE,5,1,3,3,4
igb7nz,3.03,MSE,5,4,3,1,2
nem8am,3.09,CPE,1,2,3,2,4
jqq3ve,2.66,CS,5,3,5,3,3
rpk9zn,2.83,CHE,1,3,4,3,1
yng1dt,2.8,MAE,5,1,3,2,1
xml5rk,2.89,MAE,1,2,2,3,3
qew7ad,3.19,SYS,4,4,3,3,5
qgy7is,3.29,CPE,4,5,5,2,4
owj1dp,3.82,MSE,3,1,2,3,0
biv4jd,2.8,CS,1,4,3,3,4
cdh2ru,3.59,SYS,2,5,4,4,1
ftm5kt,3.11,CS,3,3,2,4,0
gul8mv,3.18,CHE,4,3,2,1,5
xxo0yo,3.47,MSE,1,2,4,4,2
bsp9sh,2.75,ECE,5,5,2,4,2
tsc2gt,3.35,CS,2,3,3,1,4
qhh7rq,3.27,CS,4,3,2,3,4
ugs9lu,3.4,ECE,3,2,3,3,0
ssg3vk,3.32,MAE,1,4,4,4,0
hfg9mc,4,ECE,2,3,1,1,5
nel2bp,2.94,CHE,1,1,4,3,4
kwx4up,2.99,SYS,5,1,3,5,1
eey2tv,2.95,SYS,3,4,5,2,2
rcm8um,2.98,CPE,1,5,4,2,5
chw8qk,2.95,CS,4,2,5,2,0
kjv9iu,3.68,CPE,3,1,5,4,1
bwv6rr,3.77,SYS,4,1,3,2,4
bxr3oq,2.97,CS,1,4,3,2,3
xkf4rb,2.87,ECE,3,5,1,5,0
hyj9fu,3.39,ECE,4,5,2,3,5
xtn6tn,2.98,MAE,5,4,4,5,3
wrg9qs,3.45,CS,5,1,3,4,1
fco2zd,3.28,ECE,1,2,4,2,2
ive8ki,2.59,MSE,3,1,5,3,1
ljv7wd,3.82,MAE,2,5,2,2,2
cnx7zu,3.92,CS,3,1,1,2,1
nxr2pe,2.95,CS,5,2,4,4,0
gsk8by,3.04,CS,4,3,2,2,0
ysa6nn,3.31,CS,2,1,1,1,5
lts7bi,3.33,CS,1,4,4,3,3
ytq8fk,3.46,CHE,2,3,2,3,1
ptd4aw,4,ECE,1,4,3,1,1
lsx9zh,3.13,CS,2,4,4,4,3
nlr5ht,2.88,MAE,1,4,2,2,4
tyu8yz,2.65,CPE,1,1,1,2,5
eak7hs,2.91,CS,2,5,2,3,1
qro8ly,3.19,CPE,2,3,3,4,5
lqp6ec,3.92,MAE,1,2,4,4,1
spg6kd,2.99,CS,5,5,4,4,1
zui2ej,3.29,CS,2,1,4,2,4
djj3pw,3.19,CS,3,4,3,4,0
axx6zf,3.68,CHE,4,2,1,1,5
aqo1yo,4,CPE,1,3,4,5,3
ejk4ig,2.99,ECE,1,5,1,4,5
hwe3by,3,CS,4,5,2,5,4
ajg2ym,3.62,CS,5,2,1,2,2
jwz7sq,3.47,CS,4,1,1,4,2
oab5mm,3.94,CS,2,3,4,3,4
nwn3ae,3.43,ECE,4,2,5,2,4
ugm9lg,3.06,CS,1,4,5,1,0
ebd8lg,3.44,CS,4,3,3,1,5
evx0ui,3.64,ECE,3,5,3,5,5
oas7zq,3.53,CS,2,2,5,5,2
ioa5xo,3.4,CHE,4,5,2,3,3
mtj1pn,3.63,CS,1,5,4,3,5
oll4nl,3.67,CS,2,5,4,1,1
pdd9hg,3.75,CHE,1,1,2,4,1
ejb8gg,3.46,CS,5,5,2,1,0
ail4lj,3.13,SYS,3,4,5,1,0
htv6eb,3.26,CS,5,4,3,3,2
vne9cq,3.68,ECE,3,3,2,5,3
dxw3em,2.87,CPE,4,5,3,3,3
mvj4yo,3.35,CS,2,5,1,3,4
cug3wr,3.04,CHE,4,2,4,3,0
hvi7qt,3.21,MAE,3,1,5,1,5
xgc0ft,3.71,CPE,3,3,4,4,1
tsb5cf,3.28,MSE,3,5,5,1,5
svr1rf,3.22,MAE,1,2,1,2,1
ffg6db,2.66,SYS,2,1,4,3,2
ttg7ma,3.5,SYS,4,3,1,3,1
auh1ig,3.46,CPE,4,3,5,2,5
elb8bt,4,CS,5,5,2,3,5
kcc3ot,3.08,CS,3,3,4,3,3
mkw9mx,3.29,CPE,3,2,1,3,3
urq1yl,3.3,MAE,3,3,4,2,0
pcp6we,3.83,CS,4,4,4,1,5
ant2im,3.16,CS,5,2,4,3,2
yia1xv,3.31,CS,1,1,3,4,1
fpz7ht,3.44,CS,2,1,1,2,0
ijc5nn,3.27,CS,1,5,1,5,4
kql3lj,3.02,MAE,4,5,4,2,4
gck0ie,3.28,CS,3,4,2,1,1
gfj8jx,3.63,CS,2,1,4,2,1
fvv3ab,2.79,CS,4,1,3,5,1
nwt4sr,3.25,CHE,4,1,5,4,3
rii1ig,2.92,MSE,4,1,3,5,1
ikr2kk,3.68,CS,2,3,2,2,4
ure0ip,2.59,MAE,2,2,4,5,1
kai4zw,2.98,CS,5,2,1,2,5
wkm5ho,3.35,MAE,5,4,4,4,2
mvt7la,3.83,MAE,1,3,2,4,4
tqs0wq,3.17,CHE,2,1,1,1,2
kaz1vz,2.98,CS,2,1,3,4,4
eyb4jt,3.95,SYS,2,5,5,3,0
bcy1rt,2.62,CS,5,5,5,5,5
vva7hb,2.32,ECE,4,4,4,5,4
ary2pi,3.38,CPE,3,1,3,2,5
weu8cp,3,CHE,5,4,2,4,4
tki6xi,2.79,SYS,2,3,5,1,2
swj1ar,3.48,SYS,5,2,3,1,2
nac0fz,3.3,CPE,1,1,4,1,4
isu5zp,2.97,MSE,2,3,1,3,4
nfn1kt,2.69,SYS,1,1,4,4,3
tmr9wz,3.55,CHE,2,5,4,1,5
abp0na,3.46,ECE,5,4,3,3,5
wui6fo,3.16,MSE,4,5,5,5,5
gcb5ym,3.94,CS,3,2,3,2,5
bbj5xp,2.77,ECE,1,5,1,4,0
cqo0zy,2.59,CS,5,1,3,4,0
kcg5ws,2.92,CS,4,5,2,5,1
eoh6cq,3.18,MAE,5,1,4,4,4
rdh3yj,3.3,CHE,1,2,5,4,4
wbu1fd,3.1,MAE,3,5,1,4,4
rwm2mz,3.34,MSE,5,4,4,4,4
lfw4ox,2.7,CS,2,4,3,3,5
vmd5bb,3.78,CHE,4,4,2,3,5
grg3up,3.17,CS,5,5,3,2,0
aho0lj,3.65,CPE,4,5,4,4,2
ljb3ox,3.34,CS,2,5,1,5,3
qtb4or,3.38,CPE,3,1,5,1,5
hqd2ar,3.43,CS,3,2,4,2,5
whd4hg,3.38,CS,2,4,1,1,5
dzx6xq,3.46,SYS,4,1,4,1,2
qnf8af,3.73,ECE,5,4,2,4,2
kfq3if,3.28,MSE,2,1,3,5,0
dus1nq,3.48,ECE,1,5,5,1,5
cxh2bu,3.16,MAE,4,4,1,1,3
uem6hd,3.78,CS,3,5,5,2,4
wjo4jn,2.93,CS,2,4,5,5,5
wcq8yf,3.92,MSE,3,3,5,5,0
prv6qw,3.18,CS,4,1,1,1,0
paj7rv,2.63,CHE,3,3,1,5,3
jpr9sv,3.25,MAE,2,1,5,2,1
zdr3zr,2.93,MAE,4,2,3,2,0
daj9ly,3.54,MAE,1,4,4,2,2
gct0tz,2.94,CS,2,2,5,4,2
gvn5he,3.02,SYS,5,2,2,1,4
hno4zl,2.44,CS,2,1,5,5,0
wju0kg,3.02,MSE,4,3,1,2,4
cig6pi,2.23,CS,2,5,4,1,0
prd4ab,2.57,ECE,1,1,2,1,3
hii8tn,3.5,CS,1,5,4,4,5
kwd4yr,3.51,CS,5,2,4,5,0
vtr9wc,3.37,CHE,3,5,2,5,1
huh6sl,2.81,CS,4,3,5,2,2
aqi8aq,3.18,MAE,4,1,5,2,3
mhl9bo,3.2,SYS,3,3,5,1,5
bqa6vp,2.74,SYS,1,3,3,5,5
vzj3ws,3.8,MAE,1,1,5,5,2
puk5ln,3.55,CS,2,3,2,2,5
xmi5yn,3.11,SYS,5,4,3,3,4
zrz6ak,3.21,CS,5,4,5,1,3
rrc9qz,3.28,CPE,5,4,3,5,1
fyg2fp,2.38,ECE,2,5,2,4,2
tlr1bl,3.1,ECE,5,3,5,4,0
ztl4hc,2.93,ECE,3,1,1,3,0
syv5uu,2.8,MAE,2,1,2,2,0
egx5gl,3.09,CS,3,5,4,2,3
wme2xp,3.92,CS,2,1,4,2,1
fmg7zp,3.46,CHE,5,4,2,4,5
emm4bb,2.97,ECE,3,3,4,2,1
xtp4zi,3.43,MAE,3,1,2,4,1
sey5sp,3.76,MAE,3,1,1,3,2
cmu3mq,3.57,MSE,2,2,2,1,3
lqz9ln,3.22,CS,4,2,5,5,0
obg8we,2.94,ECE,5,2,5,3,2
yks8mk,3.48,CS,3,3,3,4,5
pcv8hh,3.36,CS,4,4,4,3,1
rkq0io,3.56,CHE,5,4,4,5,0
qdf1eo,3.45,CS,5,4,2,1,3
dmh5xw,3.62,ECE,3,3,4,5,4
lzr9us,2.99,MSE,3,3,5,4,1
juo9wb,3.73,SYS,2,2,1,5,1
zdi2qi,3.28,CS,4,1,2,3,1
mpv6zv,4,CS,4,5,4,2,1
yfa0jk,2.92,MAE,3,5,5,3,0
meh6cn,3.89,MAE,5,1,3,4,3
jfv7ch,3.28,CPE,3,2,4,1,2
sbs5te,2.94,CS,5,1,1,5,0
fkv5dm,3.01,CS,5,1,1,1,3
rgo2hk,3.07,CPE,3,5,4,4,2
jud1rr,3.37,CS,1,2,4,5,1
tqn2si,3.41,CHE,4,3,5,3,3
aar2gb,2.97,MAE,5,5,4,3,1
qsh0cn,3.19,ECE,5,3,3,4,3
sub2ii,4,CPE,1,2,5,5,5
trh6ue,3.89,SYS,2,1,2,3,4
rxl8lv,3.37,MAE,1,4,3,4,1
dbb1fg,3.22,MAE,1,4,5,4,1
wuk6vm,3.25,CS,5,2,5,1,1
ukk7yn,3.45,SYS,4,4,1,3,5
zrp1og,2.79,CS,1,3,5,5,0
thz4po,3.1,ECE,2,4,3,3,2
ynk6lc,2.53,ECE,3,2,4,3,1
otl4su,3.36,CHE,1,2,3,3,1
yyh0xj,3.46,CS,1,3,2,4,0
baf3rg,3.01,CS,2,4,5,2,0
vxo1nl,3.83,MSE,4,4,5,2,4
sht6hx,2.71,ECE,1,1,5,1,3
jxj9qh,2.61,CS,1,5,5,3,1
xdj7fd,3.29,ECE,4,2,1,2,3
yct4vd,3.62,CS,2,1,1,1,0
vkz5tz,3.87,CPE,1,2,4,4,0
tww8fk,3.02,CPE,4,1,5,3,4
kaz8px,3.63,CS,1,5,2,5,2
ylq1wj,3.18,CPE,3,1,4,4,5
lqv2dw,3.13,CS,5,2,5,1,5
tqd3cj,3.55,CS,3,4,1,4,5
tiw1ml,3.46,CHE,1,2,2,5,0
hjl3sq,2.57,MAE,2,3,4,4,1
eub8iy,3.79,CHE,5,3,2,1,4
swl7ia,3.75,CPE,3,3,5,5,2
pga0qw,2.95,MAE,4,3,3,5,5
tpl2qh,3.36,MSE,2,5,2,4,4
fwr6vq,3.4,ECE,3,4,2,5,0
jho9el,3.3,ECE,4,4,1,4,5
jcu3iv,2.98,CS,1,2,5,3,2
ksu3mi,2.93,MSE,4,1,2,5,3
woe0go,3.19,CS,3,2,5,4,2
waz5bw,3.67,CS,3,2,1,3,1
hir9ug,3.42,CS,1,2,5,5,5
wrn1la,3.05,CS,4,2,1,3,5
ids4oe,3.51,MAE,4,4,1,5,3
kld7mh,2.06,CHE,1,1,4,1,3
xsd7cu,3.66,CHE,4,2,5,1,5
zav9ir,2.5,ECE,1,4,3,4,1
thf1yw,3.06,MAE,2,2,4,2,3
bbh2qt,2.75,CPE,3,3,1,1,0
lyk0nw,2.68,ECE,2,2,3,2,5
msu8rr,3.66,ECE,5,2,2,3,2
qle0fa,3.01,CS,5,5,2,3,2
bkf4ey,3.34,MSE,5,3,4,2,1
uha3wv,3.18,ECE,1,1,3,4,0
beo1lg,3.39,CPE,4,2,5,5,3
vij8vo,3.23,CS,2,1,3,2,5
hqi7ny,2.69,CS,2,3,4,2,2
jjo1or,3.6,ECE,2,2,5,2,2
dke3my,3,CS,2,5,5,2,2
hiz7rj,2.58,CPE,5,4,2,2,2
nou8pn,3.03,CPE,2,5,3,4,4
gjo8ez,3.8,CS,4,5,5,1,1
hso9pe,3.54,MAE,5,4,4,5,3
oup6nt,3.06,MAE,2,4,2,1,5
pxc1zm,3.06,CHE,1,4,5,2,5
wds8it,3.07,CS,3,2,3,1,5
pja6gc,4,MAE,3,1,2,4,3
qpe2vu,3.35,CS,3,1,3,3,1
asm4jh,3.37,CS,5,4,3,1,0
xtv1fr,3.61,CPE,2,5,3,5,1
pry5lb,3.3,SYS,5,3,2,4,2
lar9fs,3.1,CS,4,4,5,3,2
nxl7lz,3.12,ECE,1,5,1,4,1
wwe5ki,3.17,CS,1,5,5,2,1
dut2qr,3.19,CHE,3,2,2,3,3
lhx4xt,3.49,SYS,3,2,1,5,3
orx5sq,3.22,MSE,3,1,1,3,4
blp2ee,3.49,CHE,2,1,1,5,5
oth1kj,3.17,ECE,4,3,4,2,4
fnq7ng,3.23,CS,4,3,2,5,5
enm5wr,2.4,CPE,4,3,4,4,2
idx6es,3.57,ECE,4,3,1,1,4
xit2fy,3.34,ECE,3,5,4,4,4
vgk5wx,3.6,ECE,1,5,4,4,0
mzk1lp,2.04,SYS,3,1,2,3,1
gzo7ca,4,MAE,4,2,3,2,3
mnu6js,3.14,ECE,3,2,4,1,4
ubp6br,3.64,ECE,4,4,4,5,3
tvj4km,2.78,CS,5,5,1,3,5
hux9qz,3.45,CS,1,3,1,2,4
cce0ty,2.78,CPE,5,3,1,1,5
slu5vl,2.95,ECE,2,4,5,4,4
egd5no,3.97,SYS,3,2,4,2,2
pzt9rm,3.12,CPE,2,3,1,2,0
fdh9qd,3.29,CS,3,2,2,2,5
klj9pg,3.55,ECE,5,4,5,4,1
kyg6nu,3.4,CS,4,2,3,5,1
gsd9qn,3.26,CS,4,2,4,3,2
wwf6id,3.35,CS,3,2,4,5,2
ybg6kl,4,CS,4,3,2,1,1
bkt1yg,3.18,CHE,5,1,3,3,5
roi9kj,3.28,MAE,4,5,3,1,1
ujf2ko,3.62,CS,5,2,5,4,0
uvk1ge,3.64,CS,2,2,4,5,4
rxd7wg,3.67,CPE,5,2,1,2,0
wdi0nz,3.46,SYS,1,1,2,3,1
pkf8cl,2.74,CS,1,4,2,2,4
sxr5ee,3.85,CS,1,3,2,1,1
aav0rb,2.74,CS,3,1,2,2,0
ldk4xx,3.32,CS,3,2,1,2,0
ycg2ij,2.9,CS,3,1,1,4,5
ige1bp,3.17,MAE,5,1,5,4,5
gaq2ce,3.33,CS,3,1,4,5,0
ksw1mc,3.33,ECE,2,4,1,1,4
yje9zm,3.37,MAE,1,5,5,4,5
iqs2sd,3.85,ECE,5,3,3,4,5
llg0zu,3.38,ECE,1,4,4,5,3
pnq3az,3.1,CPE,3,4,1,3,3
zhz8nx,3.59,ECE,5,5,3,5,5
kqm8hy,3.68,MSE,4,4,5,2,1
hpn1rq,2.71,CHE,2,1,1,2,4
ftu0fh,3.44,SYS,3,1,1,4,2
kwn1fb,3.48,ECE,3,2,3,4,5
wmt2rh,3.08,MSE,2,4,1,5,3
cnd1yr,3.75,CS,2,2,2,5,4
pkb5oq,3.14,MSE,4,3,1,1,4
zwk7vx,3.25,CS,3,1,4,2,3
yui5kb,3.13,CPE,3,3,3,5,4
vqe9sr,3.21,CPE,1,5,4,3,4
xpc8sa,2.76,CS,5,1,5,1,3
dyv2be,2.62,MSE,5,3,4,5,0
fmd6lq,3.84,MAE,1,5,2,4,5
xbe2ny,2.86,CS,5,3,2,5,1
mae0gf,2.8,MSE,2,5,4,4,2
bkj0jb,2.34,CS,5,5,5,4,1
fmt5uj,2.94,CS,5,1,1,2,0
eve2ag,2.67,MAE,1,2,2,2,0
hqd2qy,3.86,MAE,4,5,4,5,4
guu4zc,3.6,MAE,5,5,4,5,1
qmk2sw,2.92,MSE,5,1,4,3,0
hej6ft,4,CS,4,2,1,1,1
evi9fz,3.59,SYS,1,4,3,1,0
utk5my,3.07,ECE,4,4,5,5,2
tyd1qz,2.2,CPE,1,2,3,2,0
lik1zn,4,MAE,2,3,5,3,1
urs1df,2.64,CS,1,1,5,1,4
dst9ty,2.54,MSE,2,2,4,5,1
jci1mo,3.61,CS,2,4,2,2,3
rzp3sp,4,CS,1,5,4,2,1
kve7vz,3.75,CS,3,4,1,2,2
ucd8ou,3.43,CPE,1,5,5,4,5
ofc9py,3.44,ECE,5,1,2,2,2
oih9jl,3.54,CS,5,5,5,5,2
wuh2kp,3.5,CS,3,2,5,3,0
erq5ny,3.31,CHE,2,5,4,5,2
pfz9nt,3.24,MAE,3,3,2,2,1
oad3fh,3.17,CS,5,2,2,3,5
dwn3gc,2.9,ECE,3,1,5,1,4
bcg3ki,3.09,CHE,1,2,2,1,2
ysk6sj,2.52,CS,3,3,2,5,1
auo8jj,3.16,CS,2,1,4,3,0
jan9um,2.8,ECE,1,4,3,5,0
fii0fk,2.76,CS,4,3,1,3,4
lnn1vi,3.27,CS,5,1,3,3,4
yvr8wt,3.76,MAE,5,5,2,5,1
rdk4sn,3.57,CS,3,2,5,3,4
mad2qx,2.57,ECE,1,1,1,2,4
rdb1ct,2.8,CS,4,2,1,3,0
rjw0iu,3.58,MSE,1,5,5,3,1
col4cc,2.81,SYS,5,1,1,5,5
ogh5uk,3.11,CS,1,4,5,1,4
sse9ka,3.42,CS,4,3,1,4,1
tej2fe,2.81,ECE,3,1,3,3,2
qht9oe,3.24,SYS,2,5,1,4,0
pwx7ai,2.67,MSE,1,1,4,3,5
rgp2au,2.96,CPE,2,2,5,5,0
ykb9hy,3.33,CS,5,1,1,5,0
tpg9pp,2.56,ECE,3,4,5,3,3
yxu5rw,3.38,CPE,3,1,4,5,1
wci0rt,3.19,CS,1,3,1,5,2
waj1ga,3.42,CHE,3,1,1,3,4
fcx3to,3.29,ECE,1,2,4,1,2
mvo9md,3.75,CS,1,1,4,3,1
dgk6qm,3.25,MAE,2,4,4,1,0
yre9mh,3.03,CHE,3,5,5,5,3
soo1wo,3.25,SYS,1,1,4,1,1
jjb1wb,3.42,CPE,2,1,5,5,5
lwd2hz,3.22,CS,4,3,3,1,5
udj5tp,3.22,MSE,2,4,1,1,1
lll0uo,2.92,CPE,2,5,1,3,4
tqh2lf,2.93,ECE,1,2,2,1,2
ybq9pk,2.64,SYS,5,1,3,5,2
yiq1ql,3.9,ECE,5,5,4,3,4
ory6iu,2.7,MAE,5,2,4,1,3
mru2ex,2.92,CPE,2,4,3,3,0
app5hu,2.91,MAE,1,4,4,4,0
klf6be,3.56,SYS,3,5,2,3,5
uhw2oe,3.08,CS,2,2,5,4,3
plt5gc,3.7,CHE,2,4,1,4,4
bsp8vp,2.93,CS,1,5,3,3,1
gtd4ni,3.31,CS,4,4,1,5,2
jag9rt,2.87,CPE,2,4,5,5,1
yqv1ql,4,CS,4,4,3,5,2
mbn3lq,2.72,MAE,4,3,5,2,1
dtn0ha,3.32,CS,5,2,4,4,4
qko5hz,3.45,MAE,1,5,4,3,4
mqe4sb,3.37,CHE,4,5,4,5,3
lrh5yw,3.13,SYS,1,2,5,5,1
bbc8un,3.15,CS,5,2,5,3,1
jrc2go,3.22,ECE,1,2,5,4,3
aoq0ya,3.14,CS,2,2,1,3,3
djt8ti,3.59,CS,4,1,5,2,4
tjk1pt,4,SYS,1,5,4,2,4
ate8up,2.98,ECE,3,1,2,3,5
xbe2dd,2.65,CS,1,4,5,4,1
rey0bf,3.16,CPE,4,4,2,5,4
tge1eu,4,CS,5,5,4,2,4
wid2lp,2.88,MAE,5,4,5,2,1
bao8cs,3.86,MSE,4,2,1,4,3
amn6mm,3.87,SYS,2,1,1,2,1
wae7by,2.98,CS,2,2,2,2,0
sdw1hx,3.43,CS,5,4,1,4,1
dyv2zj,3.85,MAE,5,1,1,3,0
frm0jr,3.05,MAE,4,2,1,5,1
ssj9ua,3.12,CS,2,5,4,5,0
vbp6fb,2.97,CS,5,2,1,2,0
kjw2ou,2.79,CHE,2,4,3,5,1
eke2pe,2.94,MAE,5,1,5,3,5
goz5wj,2.71,MAE,1,5,1,2,4
rsi2bp,3.21,ECE,3,1,1,5,2
mwv0si,2.89,CS,1,5,1,1,4
aae2br,3.29,MSE,5,1,3,1,0
sri2dd,2.58,ECE,3,4,1,1,1
ply1gn,3.33,MSE,3,5,1,1,1
qki0qi,3.53,CHE,5,3,5,1,1
hhn2uo,2.4,CHE,5,1,3,2,1
vrt4mu,3.35,MAE,2,1,3,4,5
rbc2nc,3.69,MSE,5,2,1,4,2
jbw4xw,2.72,CS,4,5,3,2,3
vuz4xo,3.87,CS,5,3,2,2,0
rso8el,3.37,CHE,4,4,3,3,2
qjq3jv,2.92,CPE,5,2,3,4,4
uly5bd,3.18,CS,2,3,3,1,3
jpw6yj,3.42,MSE,4,5,4,2,3
qzt5bk,3.23,CS,1,3,4,1,1
enk5nb,3.42,ECE,4,1,4,4,2
mot0ez,2.83,CS,2,1,3,5,4
gjs3zi,3.27,CHE,4,2,2,5,1
hzj8fx,2.63,CS,5,5,3,2,1
zxh3td,3.16,CS,5,5,1,3,5
zwn1zb,2.84,CHE,2,3,2,1,0
wus0du,2.91,CS,3,2,4,2,3
hgx3bz,3.69,ECE,5,5,5,3,4
tsr9we,3.64,SYS,1,1,2,1,3
ihr6cl,3.44,ECE,2,3,4,4,2
dwb3zf,2.76,CS,4,4,2,5,0
lvc1up,3.07,ECE,4,1,2,3,1
kaw0xt,3.69,CS,1,2,3,1,0
kaz9rj,3.26,MSE,5,5,1,2,1
koa5mp,4,CS,2,1,5,1,0
ljm8jq,3.36,SYS,1,4,4,2,1
kda9ho,3.28,CS,5,4,2,5,3
ouf8ga,3.08,MAE,2,2,5,5,3
cal9mv,3.25,CS,4,1,2,1,3
ilj2yi,3.14,CHE,2,3,1,1,3
otn6ip,3.48,MSE,3,1,5,2,0
thc1ns,3.58,MSE,2,4,4,2,1
kna3uy,2.89,CHE,3,2,2,3,3
nxj5ma,2.67,CHE,2,2,1,3,0
hra1zy,2.47,MSE,3,3,5,3,1
nqs9py,3.4,SYS,4,2,2,1,0
pka3by,2.76,CS,5,2,2,3,5
vru2pr,2.34,CPE,3,2,4,1,3
qyx7an,3.36,CS,3,2,1,5,2
thu6se,4,CS,4,2,3,4,0
cat4ca,3.2,CS,3,4,2,5,3
ebq3lf,3.54,MAE,1,1,5,1,4
pvd4io,3.23,CPE,4,5,4,1,1
emo2fv,3.16,CS,1,2,4,4,5
otm1rm,3.57,ECE,4,5,2,2,3
qts2hp,3.08,CPE,3,5,2,2,4
cql1he,3.31,CPE,1,4,2,2,0
fvm7wz,3.33,CPE,3,2,3,3,0
zqs2oh,2.93,CS,4,5,2,2,4
eol4uc,3.6,CHE,3,2,1,3,5
yue4sd,3.13,CS,1,3,5,3,4
vzf1ix,2.9,MSE,1,3,2,2,1
oeh1dn,3.41,SYS,3,3,3,2,0
qck5eo,2.84,CHE,2,5,5,4,4
xyk8ge,3.21,CS,4,3,4,4,2
kwj5ol,3.2,CS,4,4,2,3,2
bts2vy,3.63,ECE,3,4,5,4,4
nqy5nh,3.39,CPE,2,5,4,3,1
yyo3aw,3.19,CS,1,2,3,1,0
roj1ji,3.53,CS,5,1,1,3,2
ghw6mp,3.76,CS,5,2,2,3,4
jny9zz,3.42,ECE,3,2,1,4,4
vqz3jb,3.2,CS,2,2,3,1,3
bny0cf,2.68,CS,2,2,5,5,4
cta4nn,2.77,CPE,4,1,5,5,1
zcu5my,3.08,CS,1,3,3,5,2
vfx4at,2.96,CPE,2,2,3,1,3
vch7ra,3.13,CS,5,4,2,2,2
xxw2vi,3.22,ECE,1,5,4,1,2
bid4lt,3.41,ECE,1,5,1,4,1
psu2fo,3.17,SYS,3,4,1,3,4
ntx0de,3.39,CS,2,2,5,3,1
mga6gz,3.23,CS,3,1,5,4,4
jmb5yq,2.41,CS,2,3,2,4,3
ola6nx,2.82,CPE,4,5,3,3,1
rxp5pv,3.14,SYS,3,3,1,2,1
qzi5db,2.72,CS,3,1,2,2,5
syc6ux,3.44,CS,5,5,5,2,0
piy1zc,3.81,CPE,3,3,5,4,1
ekl7ov,3.69,CHE,2,1,1,3,5
lpp5mt,3.11,CS,5,3,5,3,0
hru6ao,3.8,CS,3,2,5,3,4
sxy4al,3.26,ECE,3,1,4,1,4
jkq8gz,3.07,CS,4,3,3,1,4
rav8jo,2.95,CPE,3,2,5,5,5
yfj7qs,3.08,CHE,1,2,4,1,5
nxq9fu,3.04,CHE,5,1,2,2,0
vpc4ua,3.27,CS,1,4,5,2,4
psw6ls,3.26,SYS,5,5,2,2,2
nmr6hz,3.2,MAE,4,1,5,2,1
arp8to,3.37,CPE,3,2,1,5,5
klk0ij,3.68,ECE,3,2,4,2,5
vil2ql,3.58,CS,3,1,4,4,5
chz5wy,2.61,SYS,5,4,1,4,0
sjg4sc,2.18,CS,3,5,3,4,4
glj7rm,3.57,CS,1,3,4,1,2
veu4pq,2.65,CPE,3,1,2,3,1
idj7py,3.11,MSE,4,5,4,5,1
ycd1iu,2.73,SYS,1,5,3,4,4
idx0hz,2.48,SYS,3,2,2,4,2
jlk7au,3.42,CS,3,3,2,2,0
rkx3ff,3.5,CHE,2,1,1,4,5
gkl7jy,2.97,CPE,5,2,5,2,5
koa3ln,2.16,CHE,1,2,1,2,4
hbm3vb,2.98,CS,2,4,5,3,1
tjs5sq,3.36,CHE,4,5,1,1,5
cay9ou,2.61,CPE,5,1,5,2,1
qod6as,3.27,MAE,1,1,4,2,1
lkl6ie,3.19,ECE,3,1,2,3,4
ywn8eo,3.43,CHE,1,2,5,2,3
upw2hm,3.25,ECE,3,4,4,5,3
vdm9vq,2.81,CS,5,3,3,1,3
ehg2xf,3.68,MSE,3,2,1,5,2
xvx0kk,3.14,SYS,4,3,3,4,4
oqd7hc,3.19,CS,3,4,4,1,1
bqx2va,2.83,ECE,4,5,3,4,5
fcb9bl,3.02,ECE,5,1,3,2,2
ibc8ds,2.85,MAE,5,3,4,3,3
bbb0rf,3.13,CHE,1,2,2,5,0
pgo0ja,3.88,SYS,4,3,5,4,2
idd6ej,2.65,CHE,4,5,1,2,2
bts9eq,2.55,CS,2,1,5,5,4
qzc1mj,3.79,CS,2,3,1,5,5
upm4au,3.12,CS,2,5,5,4,2
hzf9xh,2.93,MAE,3,2,3,2,5
bsk6qx,3.62,CS,2,4,2,3,4
dlp8px,2.96,CPE,4,2,3,4,0
lue1hp,3.93,CHE,3,1,2,5,1
rwx5wh,3.47,CS,5,2,4,5,1
rkv6fv,3,CS,1,2,1,1,3
mkt3xp,4,CS,2,2,1,2,3
gsm2cn,2.96,CS,5,2,4,1,0
szp8dx,3.5,CS,4,1,5,3,1
xcs3ur,3.32,CS,1,5,4,4,3
qko8mb,3.72,MSE,5,3,4,5,5
qit4ek,3.82,ECE,1,4,2,2,2
rai8mf,3.21,CS,2,3,4,5,4
hiz9uh,2.9,ECE,4,3,1,1,3
csb1ng,3.38,ECE,1,4,3,1,0
fqi0gu,2.93,CHE,5,1,2,4,1
oqi9jp,4,CS,2,4,2,2,0
egb7ax,3.25,ECE,2,1,5,2,4
gut7it,3.05,ECE,5,3,3,4,4
art0vt,3.27,ECE,5,1,2,1,0
cvy6xp,2.66,CHE,1,5,4,1,3
rzi9qx,2.81,MAE,3,4,2,1,3
rtf7dr,3.68,MSE,2,5,2,5,1
isq2fu,2.94,CS,1,3,2,3,5
eyv5wf,2.78,MAE,5,4,5,1,1
ilk6dp,3.41,MAE,1,3,2,3,2
qqd4km,3.67,MAE,5,5,2,3,5
fvc1qi,3.49,CS,4,3,5,2,2
tmt8ef,3.6,CS,5,4,3,4,1
kyf7kr,2.9,MAE,5,4,1,5,5
glp4vz,2.63,CS,5,3,5,3,5
njq4vr,3.8,CS,3,4,5,5,2
ufs8ot,3.07,CHE,5,4,2,2,0
jff1ti,3.1,CS,2,3,2,1,3
aqe0iu,3.73,SYS,2,5,1,3,5
lwt8kr,3.42,MAE,1,4,2,4,5
gka3px,3.38,CS,3,4,4,2,2
fiv3fn,4,ECE,1,4,2,5,5
uqz0tz,2.94,CS,2,4,2,1,2
cjz8vg,3.57,CS,2,3,4,5,0
lzg6lj,3.22,CS,4,5,1,4,5
ilp0xd,3.31,CS,5,5,4,3,4
yav7et,3.81,SYS,2,1,5,4,1
gxi5rp,3.4,SYS,1,4,4,5,0
amh3ak,3.42,CS,1,4,3,5,4
nfe1wz,3.63,CS,5,1,5,4,0
phg4sl,3.05,ECE,5,5,2,4,3
dqq5iy,2.86,ECE,4,2,5,4,0
lzg4wy,2.78,CS,3,2,1,1,0
ryq6vf,2.41,CHE,1,5,1,5,3
jel8ak,4,CHE,5,4,4,2,5
cws8hk,2.76,MAE,1,2,5,1,1
yjn6lb,3.11,SYS,5,3,2,1,4
nlh1sh,3.09,MSE,2,3,1,1,2
fub1nf,3.32,CS,1,1,2,2,1
bye6xm,3.53,CPE,2,5,3,4,0
wyv2ha,3.54,CS,1,5,1,5,2
jew0tv,2.97,SYS,3,2,4,3,3
tsc0ho,3.13,CS,4,4,3,3,1
ebt3lp,3.31,MAE,2,5,5,5,5
xgv3pc,3.1,CHE,5,2,2,2,4
bkt8yt,3.84,CS,3,2,1,3,1
zph9kg,3.4,CS,1,5,3,1,1
vex7km,3.49,CS,2,2,3,3,5
boz8zm,3.47,CS,1,1,1,5,2
lpi8vq,3.67,CS,1,1,5,1,3
ifw2eo,3.27,ECE,1,5,5,3,5
eug1hr,2.68,ECE,4,4,4,5,3
sni6id,3.36,CS,4,1,5,2,5
eut1wr,2.94,ECE,5,1,4,5,1
wix8av,2.99,SYS,2,5,3,2,3
ygs2vc,3.43,CS,3,3,1,1,2
ont2ax,3.7,SYS,3,2,5,5,2
spe8sm,3.21,CS,3,1,4,4,4
wxg1aa,3.32,MSE,1,3,3,4,3
shk5lq,3.88,CS,4,4,5,4,4
nwc9iq,3.3,ECE,2,3,2,4,5
kge6es,4,CS,1,5,3,4,0
dnl5rj,3.43,ECE,4,4,5,2,2
kfh7pd,2.5,CS,4,4,3,5,1
zyy5ee,3.5,CPE,2,3,1,1,2
iap6pz,3.35,CS,2,5,1,4,0
iaf7th,3.72,ECE,2,1,1,4,1
aab0yy,3.47,CS,1,3,2,1,3
dex4td,3.14,SYS,5,1,1,1,3
crr9op,2.71,ECE,2,3,2,4,2
jkb3am,3.12,CS,5,1,1,2,1
tib3vu,2.86,MAE,1,3,3,1,5
axb9re,2.97,ECE,5,4,5,5,1
mzj5lg,3.44,CHE,3,2,5,5,4
etx6rk,3.87,CPE,5,4,1,2,0
icl5fo,3.36,ECE,2,1,5,3,3
dtg7gz,2.72,CS,1,5,1,2,2
ggh1ct,3.38,CPE,2,4,1,4,1
dvd5ma,3.68,CS,3,2,4,3,3
hqv3bd,2.96,CPE,2,1,4,4,2
akk6vb,3.15,CS,2,4,4,5,3
cwt4kl,3.21,CS,2,3,2,1,2
jdx7dy,2.89,ECE,4,5,4,4,3
fdx1ul,3.46,MAE,3,1,1,5,5
pmt9gt,3.15,CHE,2,4,3,2,4
paz9yi,3.37,CS,2,1,4,4,0
nmu4qs,2.85,SYS,2,3,4,5,3
jgj8bu,3.03,CHE,1,2,3,1,0
ndk4xg,3.49,CS,4,4,1,4,3
xrx5fy,3.05,CS,1,1,2,5,1
dqc4pn,3.89,CS,4,1,4,4,4
mfd6nk,3.04,CS,2,1,3,1,5
btb1jn,3.29,CS,3,2,1,4,4
jhe8jn,3.57,ECE,5,1,5,4,0
psa5kl,2.63,CHE,5,5,2,5,1
rxj5cs,2.5,ECE,2,5,3,3,2
sld8sh,2.59,CS,1,1,3,4,4
tgy7ty,3.71,CS,3,5,3,3,5
nds9gz,2.98,MAE,4,4,4,2,1
qrq5td,4,CPE,2,5,5,4,1
mdt3pc,2.97,CS,3,1,2,3,0
awk5kd,3.27,CPE,3,3,1,2,5
lkm6aq,3.82,ECE,4,4,1,5,1
kwp5dm,4,CS,3,2,5,4,1
wif9kp,4,CS,1,1,3,5,2
dob4vd,3.68,CS,1,2,3,2,0
tbc8pm,3.61,MAE,1,3,3,5,0
fui4mt,3.44,CPE,3,2,3,5,5
xsh8ql,3.51,CHE,1,1,3,1,1
tdo3ci,2.98,CS,4,1,5,2,2
bre8mk,2.87,CS,3,3,4,5,3
icd2vt,3.2,CHE,5,1,2,3,4
zrj4tt,3.13,MSE,3,3,3,2,0
fnu8yj,3.02,CHE,4,3,4,1,2
mgm4yl,3.48,CHE,5,1,1,4,5
plw9lb,3.58,SYS,3,5,5,5,2
gur5yo,3.24,CPE,1,3,4,3,1
mkc3fj,3.79,CPE,2,1,3,1,4
eql5lv,2.74,CPE,2,5,3,2,0
gcr1gf,3.12,CPE,1,3,3,5,3
szp5wo,2.91,CS,2,5,4,1,1
tyb3lh,2.45,CS,2,4,3,1,0
xwk5fp,3.17,MAE,1,4,4,3,5
whi8xc,3.15,CS,1,5,3,4,0
bzq7mn,3.81,SYS,3,3,1,4,2
myw2xl,3.45,CS,3,1,1,4,4
fvz9ij,2.79,CS,1,2,2,2,3
cqw7eh,3.94,CPE,4,1,3,1,4
mtf2lp,3.69,CS,2,2,3,2,2
twf3vv,3.43,CS,3,2,4,1,3
pvm2hc,3.11,SYS,2,3,4,3,3
qel0md,2.82,CPE,5,5,3,3,1
vbq5jq,3.05,CS,1,1,2,2,3
esj2ri,3.64,CS,4,5,3,2,0
zaq4pc,3.95,CS,5,4,4,3,4
tns4et,3.82,CPE,5,3,3,5,5
ffg0sm,3,CS,5,3,4,4,5
ocx1vf,2.75,CPE,1,4,3,4,4
yai5vd,3.26,ECE,3,1,5,3,1
uhv8ug,2.49,CS,1,4,4,4,3
lvw0zz,3.33,CS,3,1,2,5,2
epd6wp,3.14,SYS,5,2,5,5,0
vtc1ne,3.01,CS,5,3,3,1,1
zhk9uj,2.56,ECE,4,1,4,2,3
uqp2po,3.41,SYS,3,5,5,4,5
lfq7ms,2.99,ECE,5,5,2,5,2
kus7zx,2.73,CPE,2,3,4,2,3
kaj1pu,2.05,CS,4,4,5,2,1
cfj8ra,3.19,CS,1,4,5,1,2
wma9us,3.91,CS,4,1,5,2,2
jxx5hr,3.86,CS,2,4,1,2,2
viy8qd,3.02,MAE,3,3,3,3,2
qzs4gz,2.96,ECE,1,1,4,1,3
hry2gx,3.39,ECE,1,2,4,1,2
ozz6cq,2.8,CS,3,4,4,4,3
mtk3fj,3.32,CS,4,4,5,2,2
kcz9ab,3.51,CS,5,1,3,4,2
dsq2fv,3.69,MAE,4,5,2,5,1
qex7ud,3.16,MSE,2,4,4,2,3
vuh5gf,3.12,CHE,5,3,3,5,5
tgs0qc,2.85,CHE,4,4,3,3,3
elq5kk,2.87,CS,3,2,1,2,4
ruj3wq,3.11,CS,2,4,4,4,5
cah7le,3.35,CS,2,5,5,4,1
hpg4er,3.57,CS,2,4,3,2,3
nzc2po,2.88,SYS,5,1,3,4,1
zun2wa,3.8,CHE,1,4,2,2,5
xoo5bw,3.09,CHE,5,5,1,1,1
cpe1lp,3.19,CS,4,1,3,4,1
bfa3sm,2.9,MSE,1,3,3,2,0
ehg5qr,2.23,CPE,4,1,5,2,3
wiw7ba,3.55,CS,1,2,5,4,1
ten9uw,3.49,CS,5,1,2,1,0
oib2yb,3.09,CHE,2,3,2,4,0
piv3bk,3.23,CS,3,4,2,2,2
fab6pr,3.41,CPE,2,1,5,1,2
vnp0ch,2.57,CHE,5,1,5,5,5
jeg7he,2.99,SYS,1,1,1,3,3
sex2rg,3.52,CS,2,1,4,4,2
zch6jk,2.7,MAE,5,3,4,2,5
arl6kc,3.32,MAE,4,5,1,1,3
lzm9kt,2.66,SYS,3,5,4,1,5
yii9jj,3.39,CS,2,1,5,5,0
hre0zv,3.19,SYS,1,3,4,4,0
zaf6ra,2.55,CPE,4,3,5,1,3
pus3jt,3.67,ECE,5,1,1,5,5
vvv4ne,2.91,CS,3,2,2,2,5
xkp5do,2.88,CS,1,1,1,5,2
zmh1dy,3.28,CHE,5,2,4,4,2
oey6cw,3.66,CHE,5,1,5,5,3
ilf0pj,2.79,MSE,2,2,4,1,4
rki6gp,3.22,CS,2,2,4,1,2
xtz7tv,3.37,ECE,1,1,2,3,1
wgm9ri,3.48,CPE,5,2,4,5,2
coe2it,3.27,CPE,2,4,2,2,4
ssx7ji,3.05,CS,3,5,5,4,5
vvs5pj,2.87,CHE,3,3,5,3,0
amt0qw,3.23,ECE,5,2,2,5,0
irs6td,2.77,MAE,2,2,1,2,5
cyo1fj,2.03,ECE,1,3,5,3,0
yje4ci,3.37,ECE,1,2,1,1,2
yki4vs,3.56,CPE,1,3,5,4,0
oct8tf,2.25,CS,3,1,5,5,4
cti1lv,2.8,CS,2,4,3,2,4
xbg9pm,3.45,MSE,2,4,4,1,2
kyo8az,4,ECE,3,5,4,3,5
rki5ro,3.21,MSE,1,2,1,4,1
ori7dm,2.91,CS,1,5,4,3,2
pqk3bo,3.13,SYS,5,1,1,3,0
mhh2ac,3.75,CS,4,4,5,2,2
fex9ry,2.94,CPE,2,1,3,1,4
ktc2au,2.88,ECE,2,1,3,5,2
psl3tf,3.01,CS,2,2,5,2,2
rzj6vy,2.82,ECE,4,1,2,4,1
qix9gt,3.25,ECE,5,4,2,3,4
wtq2bt,3.85,CS,4,5,4,4,3
soc3aa,3.33,CPE,1,4,1,2,3
afd4ny,3.1,CS,1,2,3,2,4
jkc3ay,3.08,CS,2,4,4,5,3
lhm3zh,2.57,MAE,3,3,5,3,0
gez3vn,3.55,CS,2,5,3,2,3
xry4ss,3.17,CS,3,3,1,4,0
spy8ub,3.13,CHE,4,3,1,5,4
vkd8mj,4,MSE,1,2,2,4,3
dxn6is,3.32,CHE,3,1,4,3,3
afr9be,2.9,MAE,4,3,5,5,5
hhi8cd,3.03,ECE,1,4,3,5,0
afh1in,3.66,ECE,3,1,1,5,0
qmz9aj,3.25,ECE,2,4,3,1,2
ldb3kx,2.62,MAE,2,4,5,5,1
gvb3cd,3.57,CS,2,1,3,4,3
vye5gf,2.93,MAE,4,1,4,4,5
wxe4st,3.95,CS,2,4,2,3,1
nzf5bh,3.63,ECE,5,2,3,2,5
ldm2pd,3.02,CS,1,5,2,2,1
pex1xk,3.71,ECE,4,5,5,1,3
wif0nh,3.23,SYS,2,2,2,5,5
cpp6ik,3.54,CS,1,1,3,1,0
aau7hr,3.39,ECE,3,4,3,3,2
vsr2ed,2.86,CHE,2,5,1,3,5
rfj6vo,2.94,CS,1,4,3,2,4
cuq5he,3.61,MAE,5,2,2,3,3
jjq3zz,3.07,CS,3,4,1,5,3
xvh7eb,3.04,MAE,5,2,3,4,4
rvh0kw,2.82,SYS,1,1,3,3,1
lzp4as,3.37,MAE,5,2,5,1,2
rha8ee,4,MAE,1,2,1,5,1
dtl1wt,2.77,CS,1,5,5,3,4
lpk6xo,3.21,ECE,5,4,5,3,4
tld7lf,3.76,CS,1,5,5,5,2
kgn7ze,3.17,CS,2,3,4,3,4
cvd1if,3.38,MAE,1,2,5,4,4
jpd7tn,2.78,CS,4,3,2,2,5
prg1yo,3.37,ECE,1,5,3,5,2
osh2oh,3.13,CHE,4,4,4,1,3
oog4ew,3.59,CS,1,5,5,3,1
bad4xj,3.67,SYS,1,4,3,2,3
cyy7ja,4,SYS,5,4,1,1,3
mle7gl,3.43,CPE,2,1,1,1,5
ouo5ww,3.33,CS,2,2,3,4,1
fdt7dx,3.28,CS,3,5,2,2,3
iqk9km,3.06,CS,5,4,3,5,2
shf3jv,3.34,CS,5,5,3,2,1
kxb0jf,3.08,CPE,2,5,4,2,0
wwv0ry,3.27,CS,5,4,1,1,5
awy8lh,3.73,CS,2,3,1,4,3
ztb3vp,2.8,ECE,5,2,5,4,4
ctt4is,3.66,CPE,1,2,3,2,1
gql0ws,3.73,CHE,2,1,3,2,0
cjq4xc,3.15,CS,2,1,2,3,4
txa5hs,2.35,ECE,4,1,1,1,0
azd3xd,2.96,ECE,5,2,2,5,3
xlk8mr,3.72,CHE,5,3,4,5,4
jir1ya,3.19,CS,2,2,5,4,3
ajg2cw,2.8,CS,1,2,2,1,4
wds2au,3,ECE,1,2,1,4,1
emv6gp,3.54,ECE,1,2,4,5,2
lbh8it,3.42,CS,5,3,3,2,2
egi0co,3.1,CS,4,1,4,1,0
bxa3ny,3.05,ECE,2,5,2,1,5
vph2dz,3.04,CS,3,1,1,3,4
fqi7al,2.83,CPE,4,1,2,2,3
gwd6iu,3.85,CHE,3,5,3,2,5
xxo8xj,3.07,CS,4,2,3,4,1
qkj5hs,3.69,MSE,1,3,1,1,1
xhn8sg,3.81,SYS,5,3,5,4,1
iap2uw,3.6,CPE,3,1,4,2,2
ccs6qw,3.03,CHE,4,5,4,3,3
uhl1px,3.36,CHE,5,4,3,1,1
llq4li,3.19,CHE,3,2,2,2,1
csz3ga,2.84,ECE,2,1,2,3,0
mwj8fj,3.33,MAE,4,3,5,5,4
wsb5qq,2.73,ECE,2,5,2,2,4
ioi4ei,3.68,CPE,1,5,4,5,4
vys3hm,3.01,CHE,2,1,2,4,5
ltt4mw,3.28,CS,2,4,5,5,0
bqs3lc,3.31,ECE,4,3,4,2,2
fkt2cy,3.1,CS,1,1,2,5,5
umf1qh,3.43,ECE,2,4,4,1,0
rho8oo,3.01,CS,5,5,3,2,1
lcr1xj,3.55,ECE,3,2,3,3,3
fcq5au,2.66,ECE,2,3,3,5,5
hwg4rn,3.25,CPE,1,3,2,1,5
wsv5nl,3.98,CHE,2,4,5,4,1
tpb6bv,2.8,ECE,3,1,4,4,1
atg9lh,2.93,CS,1,5,1,5,3
lko3kc,3.41,ECE,4,4,3,4,4
kvr2wv,3.27,SYS,1,2,3,3,5
xfr3gc,3.34,CS,4,2,1,2,0
zuq1td,3.4,CHE,1,2,1,1,2
rzh6nj,3.45,CS,3,4,2,5,1
xhd1lw,3.64,CS,3,5,4,4,1
duh5so,3.36,CS,1,3,3,2,2
ngm8ea,3.1,CS,2,1,5,3,0
ylz8uv,3.47,CS,3,3,2,4,1
hui5xz,3.96,CS,4,5,2,4,2
ffq5sn,3.15,SYS,4,3,5,1,1
kgu7ix,2.81,CPE,5,4,5,3,4
vpo1jq,3.64,CS,4,2,5,3,4
dtd9zw,3.15,CS,5,5,1,5,1
goc2iv,2.33,CS,1,5,3,1,1
mpq4tm,3.54,CPE,1,3,1,5,4
eln1tw,2.99,CS,1,4,3,1,1
euv9uy,3.16,CS,2,3,1,3,0
ycp7ic,3.33,CS,2,3,4,1,0
vpt3zs,3.28,CS,5,5,3,1,3
bdv3mm,3.48,ECE,4,3,2,1,0
gvx0ty,3.03,CS,4,2,3,2,5
xvm8cu,3.41,CPE,1,3,3,2,5
xwg0nk,3.1,CPE,3,2,3,3,5
wwj2lo,3.5,CS,2,5,4,1,1
rvi0bb,3.45,SYS,2,4,1,3,1
kjs1yp,2.83,CS,1,2,2,2,2
owa8vi,3.63,CPE,2,4,1,1,5
nrg1xs,2.99,CS,1,4,1,5,5
peq0lb,3.52,CHE,5,2,5,2,0
zqr4mb,3.35,CS,4,5,4,2,4
uzx7cg,3.94,CHE,3,1,5,2,4
gkg9ee,3.11,MAE,4,4,4,1,3
knx0oi,3.06,CS,4,4,1,4,2
lsn8nu,3.19,CS,5,5,1,5,4
xwj2xj,3.08,CHE,2,5,4,5,3
mpb5ha,3.52,CPE,3,3,1,3,0
xci1wz,2.55,CS,2,5,1,1,2
bsj3ra,2.78,CHE,4,4,2,2,2
vst1ki,2.77,CS,1,2,5,4,5
mmz4mc,3.58,CPE,4,1,5,1,1
pmn4ql,3.88,ECE,2,3,5,1,5
tbz5ps,3.16,MAE,4,2,3,4,0
gag5jz,3.13,MSE,1,1,2,2,5
ccl7lk,3.23,CS,5,1,5,1,2
loq2yw,3.66,CS,2,1,5,5,5
yrf7jw,2.83,CS,4,2,2,5,3
gjy2pc,3.3,CS,2,3,1,4,5
top0af,3.59,ECE,5,3,5,2,4
vft0el,3.4,CPE,4,1,1,4,0
frf3km,3.28,ECE,4,2,5,1,0
evo3hw,3.6,CPE,2,1,4,5,2
coq5vr,2.12,CHE,2,5,3,3,5
bzs6dq,3.47,CHE,1,3,5,4,2
rfm5eh,2.94,CS,5,4,4,3,2
gko3rq,2.47,CHE,1,1,2,3,3
sil6fj,3.4,MSE,4,5,4,5,1
cqp3cu,3.75,CS,2,3,2,4,2
xzs5hf,3.15,CS,4,2,5,3,1
tdv2nh,3.58,MAE,4,3,2,1,1
ekm5pi,3.84,CS,3,2,4,2,0
wsx7xc,3.73,CS,3,2,3,2,4
vlc8iy,3.86,CS,4,1,1,5,4
dlv5zq,3.5,MSE,2,1,1,4,5
bob4xs,3.23,CS,4,3,3,4,3
lut2fe,2.56,MAE,3,5,1,2,3
lqm9rh,3.1,SYS,2,3,5,1,4
gco1to,2.86,CS,4,4,5,2,5
ihl7cc,4,CHE,5,2,4,2,4
prc9ls,3.13,MAE,5,2,4,4,5
hcp5rk,3.25,CS,4,1,2,3,5
nnk9hb,3.42,ECE,2,5,4,1,5
uxl8xv,3.22,ECE,4,1,5,4,5
pav6cw,3.88,CS,4,4,4,2,0
dsa5ae,2.95,MSE,3,3,1,3,0
nes8gn,3.28,MSE,5,3,2,1,4
dzl6ms,2.9,ECE,3,5,2,5,5
aqa1lk,2.67,SYS,3,1,5,1,2
frb0hg,2.96,ECE,4,1,4,1,5
gjp1ue,3.19,CS,3,4,1,2,2
gru6he,3.03,MAE,5,3,4,2,0
bdl9rn,2.92,ECE,3,1,3,5,5
twf4xn,2.64,CHE,5,5,4,5,1
stm2lg,3.17,CS,3,3,5,5,4
wty5mi,2.6,CPE,5,4,4,4,5
uzl6gq,3.5,CS,3,5,2,4,3
xtt2kc,3.23,CS,3,2,1,2,2
nxw2ls,2.62,ECE,2,4,5,2,5
nct5tx,3.08,ECE,5,5,3,5,1
cck2ju,2.9,ECE,5,1,1,4,2
ljz8me,3.33,CHE,5,2,1,3,1
idn0ue,3.74,MSE,1,4,2,4,4
syn6xm,2.45,CS,3,1,2,2,4
hlf9dm,3.25,CS,5,2,2,4,4
yfp8wc,3.14,CPE,1,3,5,2,0
ofo3av,3.47,CS,2,1,4,5,1
oma0eh,3.29,CS,5,5,1,5,5
tfi4oj,2.9,MSE,5,4,4,5,3
fyy9xk,3.07,CS,1,2,4,3,3
fbd1fd,2.88,ECE,3,1,2,3,4
oer6rx,3.63,CS,2,3,4,2,3
mqc2dh,3.21,SYS,5,4,1,1,2
xug1nq,3.96,CHE,3,4,1,3,1
hvb5za,3.18,CS,2,1,3,2,1
rda2sr,2.92,CPE,4,3,5,4,1
qvd7fl,2.59,CHE,4,2,4,5,2
ajv0gj,2.48,CS,2,1,5,5,5
smp5av,2.57,MAE,1,2,5,5,0
jfa7fs,3.31,CS,2,4,5,2,2
trp0lo,3.4,MAE,2,2,5,5,1
tdj3wl,2.57,CS,1,3,1,3,1
hki1nb,3.56,CS,1,5,4,4,1
prx1lb,3.01,CS,3,3,3,5,5
jbh7hq,3.26,ECE,3,2,5,2,3
xns6yh,3.84,ECE,1,1,3,4,0
yle3ju,3.56,CPE,4,4,1,5,2
ayf0xa,3.09,CS,4,5,1,1,1
zoj3kp,2.84,CHE,2,1,2,5,4
jmi6tw,2.34,MAE,5,1,5,3,0
flc6mo,2.91,MSE,2,3,2,4,4
eek9ed,3.12,ECE,2,2,3,3,0
vid6at,2.81,CS,5,3,4,1,1
jdc7qx,3.15,SYS,1,2,2,1,0
lia5et,3.23,ECE,4,3,1,3,0
zxf1uu,3.11,CS,2,1,5,4,1
qnv6wr,2.94,CS,5,4,3,1,5
rmp5au,3.27,CS,3,2,1,1,4
bxq8au,3.38,CS,2,5,4,5,5
txs3mx,2.76,CHE,4,5,5,2,4
idr0ix,3.76,CS,1,1,4,1,3
bgo6ma,3.16,CPE,2,3,4,4,4
ngm7ae,3.21,CHE,2,3,5,4,4
oaj5mu,3.48,MAE,5,1,5,5,0
ytg8le,3.29,CS,3,5,4,4,3
myw8cc,3.58,ECE,3,5,3,5,1
gok9uf,3.31,CS,1,3,5,1,1
pif2zu,2.96,CS,4,2,1,1,2
wij2dh,3.34,CS,1,4,2,1,3
izc6of,2.74,CS,2,2,3,1,0
bzh9fh,3.24,SYS,2,5,5,2,2
yud7lk,3.19,CPE,3,2,5,2,2
tov7ic,3.12,CS,4,4,3,1,1
low0xc,3.15,ECE,5,2,2,4,4
wwt4oy,2.45,CS,4,2,4,5,0
ypp1lh,2.98,ECE,2,2,1,3,3
swj8uk,3.24,CS,5,2,5,5,2
ovz6lb,3.26,CS,4,1,2,3,0
qsa5uo,2.79,SYS,4,5,1,3,1
ppf8ao,3.71,SYS,5,4,3,1,2
fys3pj,2.85,CPE,2,5,5,3,2
hig4th,3.59,CPE,4,1,4,1,5
otm4op,3.37,CS,5,1,3,2,1
njb1sn,2.94,CS,2,1,5,4,5
nbq0ix,3.91,SYS,5,1,2,3,1
ups3yu,2.72,ECE,5,2,1,4,1
mqm1nx,3.57,CS,4,5,1,1,5
mes1mf,3.6,MSE,2,3,5,3,0
ulw7id,2.93,CS,4,4,3,5,0
wlg1kl,3.76,SYS,1,1,4,2,0
aur9qe,3.1,SYS,1,5,2,2,4
pvr0ee,3.32,CS,2,1,5,3,2
omg7xc,3.3,CS,5,1,2,2,0
xcp9xs,3.15,CPE,4,1,1,5,4
xgi4we,3.52,ECE,4,1,4,4,2
aso4ye,3.52,CPE,2,1,2,5,0
chq1jh,2.5,CS,2,4,5,2,1
jyy3cy,3.72,MAE,1,5,4,4,3
csq5lg,2.54,CHE,3,1,3,5,0
had1ey,3.61,CS,2,1,5,1,3
udq9bc,3.65,ECE,3,1,2,1,0
mrq9yl,2.76,CS,2,1,4,4,1
wna4rh,3.04,SYS,5,2,5,4,3
srt0ji,2.76,CS,5,2,4,4,4
alv3wd,3.11,ECE,1,3,4,1,1
dir7ay,3.08,CS,1,1,4,5,3
ndx2ip,3.51,CS,3,3,2,4,3
gbd6gn,3.72,CS,2,4,5,1,5
xgt4xc,3.76,ECE,4,3,1,4,5
zvn3ew,2.98,CS,1,5,1,4,1
cql0uv,3.12,CS,4,2,2,4,1
bph5xy,2.53,CPE,4,2,2,1,1
bvj2cu,2.88,ECE,2,1,4,5,2
jwl8te,3.59,CS,3,1,5,1,4
qma5jn,3.85,ECE,2,4,5,1,0
rgv0tq,2.71,ECE,1,4,3,4,5
hna3qg,2.96,CS,4,5,3,3,3
bqz7pm,3.19,CPE,2,1,1,3,5
ciy2vr,3.31,ECE,2,1,3,3,0
zlt2av,2.88,MSE,2,4,3,1,1
vfr3ds,3.37,CS,1,4,1,4,5
kls5jn,3.01,CS,3,4,1,3,4
dnq8mm,3.19,SYS,2,2,3,2,4
efw7lc,3.42,CS,1,3,5,2,2
liy7cz,3.2,CS,4,3,3,2,5
nzw7ly,3.03,SYS,5,1,4,5,1
mrn8rv,3.16,ECE,1,2,4,4,3
pqr9sd,3.16,SYS,5,4,4,1,2
who2pb,3.05,CHE,2,1,2,1,1
ylr5cv,3.1,CS,2,2,4,4,2
utf5tk,3.84,MSE,1,5,5,5,5
dsm4br,3.42,SYS,5,2,2,4,0
ixy6gs,3.08,SYS,2,1,2,5,5
iwj2cj,3.48,CS,4,3,4,3,1
lsc5gk,3.07,MAE,3,4,3,3,3
baw4kv,3.67,CHE,3,5,1,5,3
ltw3wo,3.35,CS,2,2,3,4,1
jpl7ci,3.16,CS,5,1,3,3,2
ztc8ks,3.38,CS,2,1,2,4,4
rwp1gj,2.57,CHE,5,4,2,3,1
zdy5pj,2.75,CS,4,1,2,4,5
jjp0zw,2.72,MAE,5,1,5,4,3
fhg2cf,3.26,MAE,2,4,5,2,0
ksn4wi,3.89,CHE,4,5,1,5,3
hms6xf,4,CS,1,3,2,1,4
bze5as,3.46,CPE,3,3,4,5,3
rgh9kr,3.4,CS,2,2,2,4,4
ikv7gt,2.48,CS,2,5,5,4,1
pdc6lg,2.98,CS,2,2,2,5,3
eka6pq,2.88,CS,4,3,5,4,2
htt1xd,2.95,ECE,1,4,2,3,5
ltu4nb,3.13,CHE,5,1,4,4,2
dce3cj,3.01,CS,1,3,1,5,5
jce2we,2.41,MAE,4,5,4,5,3
tev6pk,3.5,MSE,2,3,5,5,3
mtg9vu,2.77,CPE,3,5,3,2,5
ryv7ub,3.3,ECE,2,5,4,2,0
ulf4cg,4,ECE,5,5,2,2,3
qfb7eo,2.83,CHE,3,2,1,2,0
fry6zq,2.19,CS,2,4,2,2,0
ybz7np,3.09,CS,3,3,2,2,5
zww1dw,3.64,CHE,1,4,4,2,0
yre0fw,3.98,MAE,4,1,1,5,0
bbt6uy,2.71,CS,2,3,3,1,1
dth9je,3.4,SYS,5,4,2,2,2
xyb8dg,3.01,CS,1,4,1,5,0
fpc6ym,3.16,MSE,2,1,3,1,2
vsb5su,4,CS,1,5,2,2,0
umc9cs,2.6,MAE,5,3,1,1,2
tiv4vp,3.3,MSE,2,3,4,1,3
oat5id,3.39,CS,5,1,2,3,3
aej2jh,3.63,CPE,3,5,2,4,2
afn3hc,3.24,MSE,5,3,1,3,0
mef0vp,3.32,ECE,3,3,2,1,1
mkm5fp,3.04,SYS,2,3,3,5,2
amn2vo,3.31,CS,3,5,2,2,4
owo6ns,3.06,CHE,2,1,5,4,1
cdr9az,3.45,CS,2,3,3,2,4
jlr2bx,3.05,CPE,4,4,1,5,2
mur4dm,3.35,CS,2,5,3,4,0
xyj2to,3.19,CPE,3,2,5,3,4
gtu7rq,3.65,CS,4,1,5,1,2
bqj1la,3.18,SYS,4,4,2,5,1
kel8pl,2.49,ECE,2,3,2,1,0
ryl0sn,3.7,CS,5,2,4,1,4
rdg8wk,2.84,SYS,5,1,3,2,2
cpu3yj,2.94,CPE,4,5,4,5,0
keu0tg,2.96,SYS,2,2,5,1,0
czc8op,3.75,CS,5,2,2,3,3
miq6eu,2.35,ECE,2,4,2,4,0
vax9hh,4,CHE,2,1,2,5,2
fht6zw,3.62,CPE,4,4,1,2,1
mma8wj,3.29,CPE,4,4,5,5,5
omq3nm,3.18,CHE,1,3,2,2,3
tbw1xh,3.31,ECE,5,5,5,4,2
yis6dq,3.41,CS,5,2,2,3,2
jfm1hd,3.46,CS,5,1,3,1,2
wir4cs,3.42,CHE,3,5,5,5,4
qkg8qf,3.24,CS,2,5,4,2,4
ank5hu,3.12,CS,4,1,1,4,1
sou4or,3.14,CS,5,5,4,1,2
fcs6vd,3.12,CPE,1,3,5,4,4
jku7gs,3.65,CS,5,5,2,3,4
gct3bf,3.44,CS,2,3,5,1,4
hue6kk,2.02,ECE,2,2,1,1,1
edw2cc,3.46,CS,4,2,5,1,1
sup6mn,3.28,CHE,3,4,2,2,2
lnk7ud,3.19,MAE,4,3,4,1,3
ojv6qs,3.04,CPE,5,2,3,4,2
knl2il,3.65,MAE,1,5,4,2,4
tee6rc,3.58,ECE,4,1,2,1,5
dvl0ti,2.89,CS,3,1,2,4,4
fqe3sx,3.36,CS,4,3,1,4,0
kes6rl,2.81,MAE,2,4,5,5,5
ngj8kx,2.65,CS,5,5,5,4,5
zoq0za,2.95,CS,5,3,4,3,2
fkm0pt,3.54,MAE,5,1,3,1,4
orx9ff,3.58,CPE,5,3,3,1,4
zwc1po,3.41,ECE,5,5,1,1,3
ccn4xo,3.49,ECE,5,2,2,4,0
hvd9rs,3.41,MAE,1,5,1,4,2
hoh1qp,2.94,CS,3,2,5,1,1
syq5aw,3.37,ECE,5,2,2,2,2
nds9we,3.52,SYS,3,2,1,2,5
bli6bg,3.5,CS,5,3,4,3,2
cjy3kb,3.68,CS,4,1,5,5,3
bsp2yx,3.48,CS,5,3,3,3,2
eae1wx,3.34,MSE,2,1,1,1,3
aex4tm,3.63,CS,1,5,5,1,5
hnv3bx,3.19,CPE,4,4,5,1,3
yqh6tu,2.85,MAE,4,5,3,5,4
pia6rn,3.13,CS,2,3,3,4,1
ttw0ne,2.9,CPE,5,3,3,5,5
squ9tr,2.93,CPE,1,1,1,3,3
ron7sk,3.14,MSE,4,3,3,4,0
cdc9qe,2.88,MSE,1,2,4,4,5
mdb1vv,3.08,MAE,4,3,5,3,0
jfy5xr,2.44,MSE,5,1,3,4,1
gjk8ir,3.29,CHE,4,1,5,2,3
zay6ws,3.2,SYS,4,2,2,3,5
wvf0kx,2.87,SYS,3,1,2,3,5
dqa8rr,3.46,MAE,5,4,3,2,1
ssz7he,3.58,MAE,2,5,5,5,4
zso0df,2.56,CHE,2,3,2,5,0
dkc1mu,2.89,MAE,5,4,3,5,5
eke7fz,2.89,CS,2,3,5,4,2
tar1je,2.82,CHE,5,4,3,2,0
mxa2zh,3.53,MAE,2,3,5,3,3
bke8rm,3.12,ECE,3,2,2,3,1
jni8mj,3.09,CS,2,1,3,3,0
vod0eu,2.4,SYS,4,1,2,4,2
lya6dm,3.45,CPE,5,2,3,4,2
sgd1oy,2.7,SYS,1,4,1,5,1
oux8rd,3.22,CS,1,5,2,4,1
lkt2sb,3.31,ECE,5,4,2,5,0
xti9wg,3.74,CS,3,1,4,5,3
hlx5gu,2.68,SYS,2,5,2,3,4
zwq8uz,1.99,CHE,3,3,5,4,2
wez5rq,3.27,CS,1,5,3,5,1
qya2yt,3.92,CS,5,4,1,2,4
nkl3js,3.7,CS,5,2,5,2,4
sjb9ev,3.28,CS,3,3,5,4,4
zfc9ly,3,SYS,3,4,5,3,3
ngr0yu,3.52,CHE,2,3,5,3,1
slk2ea,2.81,CS,4,5,1,5,2
iqs9tm,3.39,CS,4,1,4,4,1
afh6ph,3.4,CS,2,4,2,2,0
jbi1fr,3.62,CHE,4,2,5,5,2
jrj1gu,4,SYS,1,5,2,5,1
vsw6ko,3.36,CS,4,4,2,1,2
omk4gp,3,ECE,2,2,5,4,0
bjw0hk,3.19,CS,4,4,4,5,5
bep4eq,2.49,CS,5,5,2,2,2
rmy1wr,2.92,CPE,3,4,3,1,5
krm7bc,3.04,CS,1,3,2,2,4
njo2kt,2.99,CS,5,5,5,3,3
jny9kr,3.26,MAE,5,4,1,1,0
hvo8xc,2.87,MSE,2,1,2,1,2
cfu4ic,3.65,CS,3,4,4,5,0
vwc8cj,3.2,CS,3,3,3,3,4
lhb3xi,3.2,MAE,1,2,3,5,5
phz5vu,3.07,ECE,2,2,1,4,3
qjz9vq,3.26,CS,1,2,1,2,0
hqx3oc,3.53,CS,4,1,2,2,5
lww0pl,2.85,MAE,5,3,5,5,4
tlk8nd,2.94,CPE,1,5,4,2,4
rrb6ec,3.08,CS,5,2,3,2,4
fdw6yf,2.66,CS,2,3,1,4,5
fwu8yl,2.87,CS,4,4,4,3,2
ifa7ey,3.01,MAE,2,1,5,1,1
pts5kz,3.55,CS,4,3,3,5,0
yyu3bk,3.31,MAE,4,3,3,5,1
qgl4pw,3.28,ECE,5,5,5,4,4
igb4pn,3.54,CS,2,3,3,4,1
ofy4rt,3.15,CS,2,5,5,1,5
vxp5eh,3.36,ECE,1,1,3,3,4
mpu5wc,3.16,MSE,2,1,2,5,4
fhz6rk,3.31,MSE,1,4,5,4,3
ebb2pz,2.97,CPE,3,5,4,5,3
lzp6du,2.22,CHE,3,5,2,2,5
wha2lf,3.15,CHE,3,2,4,5,5
nda7ty,3.77,CS,2,2,3,3,1
urb6gx,3.57,CS,2,4,4,3,0
ihb2fd,3.59,ECE,1,1,2,5,1
ihx8rf,3.69,ECE,4,2,5,2,5
xif3lo,3.24,SYS,1,3,1,3,0
ifk9pg,3.28,CS,3,1,4,4,1
duz9fb,2.95,CS,1,3,1,5,2
xxq7uo,3.07,ECE,4,5,4,2,2
kpi0bp,3.45,ECE,2,1,4,4,0
vbz8nz,3.68,MSE,1,4,5,5,3
bxy2xu,3.14,CHE,3,5,3,2,0
xej3ip,3.02,CPE,3,5,2,4,1
hwr0ir,3.2,CS,2,3,2,3,4
rcv5er,3.44,MSE,1,5,2,5,2
qwu3yt,2.62,ECE,4,2,3,5,4
brj5pi,2.28,ECE,2,1,1,3,2
tkg7xm,2.98,CS,1,2,2,1,1
xpw9le,2.71,MSE,5,3,1,4,2
upu8jk,3,SYS,3,3,3,3,0
ipm1ag,3.14,ECE,4,1,3,5,4
odg6qy,3.02,CHE,4,5,5,4,5
ura9eq,3.78,CHE,4,4,2,4,4
lfv8mh,3.33,CS,3,3,5,1,1
qvf2bc,3.32,SYS,1,1,2,5,5
nno4mg,3.45,SYS,2,4,3,2,4
qjf9ve,2.74,CS,1,5,3,1,1
tzq4qa,3.62,CPE,2,3,4,1,3
byc6sq,3.17,ECE,4,1,4,2,0
qvi1us,3.47,ECE,1,1,3,2,2
aqx1le,2.77,ECE,4,1,3,1,2
drc9bf,2.58,ECE,5,3,1,4,2
hsm3rg,3.53,ECE,4,4,1,3,3
kmy7aw,3.35,CS,4,1,5,3,0
ihl6el,2.84,CPE,2,5,4,1,4
yea5nm,2.85,CS,5,1,4,4,4
xgp9vo,3.65,SYS,4,4,3,2,0
llf1iq,2.72,MSE,4,3,3,1,5
pxn8ws,3.86,MAE,5,1,5,5,0
dkj6nt,2.84,CS,5,1,4,4,2
ptz6dw,3.46,CHE,1,5,1,5,4
gbi3ap,3.07,CPE,2,5,2,5,0
dig6mp,3.44,CPE,5,1,5,1,4
xup5do,2.98,MAE,5,1,2,4,0
rzn5yz,3.13,CPE,3,5,1,5,1
gah4qi,3.22,CPE,5,4,1,4,2
upo3sb,2.8,CS,2,2,2,3,0
wrt4sz,3.5,CS,4,2,5,5,3
qfk0hh,2.99,CHE,4,1,2,5,0
swq9wm,3.11,ECE,4,5,5,4,1
dge0yb,2.8,CS,4,3,5,3,3
wwt3qf,2.18,ECE,3,3,3,5,3
dhq5ak,3.12,CPE,5,2,4,1,0
eyq6uz,4,CPE,4,4,4,4,1
ttz8bg,3.51,CS,1,2,1,4,3
uyj5nc,3.19,ECE,4,1,3,5,2
xos3rk,3.09,CHE,5,4,4,3,5
zfr2de,3.21,CHE,4,3,5,5,2
izp9th,3.42,CS,3,5,5,2,4
oxw9hw,2.73,MAE,2,5,2,5,4
kba9vz,3.65,MAE,2,1,2,2,1
bso5lr,3.49,CHE,5,2,5,1,3
jhs6jm,3.49,MAE,2,1,5,4,2
eqp9yp,3.38,CS,2,5,2,4,2
lhl5wm,3.21,MSE,1,3,4,3,5
vad2lx,3.47,MAE,5,5,1,5,1
bod4ka,3.44,SYS,5,4,2,1,3
zgn6eg,3.06,ECE,2,5,4,2,1
jht9hr,2.97,CS,2,5,4,3,0
kdd0oc,3.24,CPE,2,4,4,1,2
msi0ub,3.82,CHE,3,2,3,1,1
kbm4rg,2.7,SYS,4,5,3,2,1
mlf5aw,2.61,ECE,3,1,4,2,5
lxu8wb,3.27,MSE,5,5,5,4,0
sny1jn,3.22,CHE,1,1,3,5,4
kbw8lt,3.27,CHE,4,4,2,3,2
vta6uj,3.3,ECE,1,5,3,5,5
oqe0ep,3.11,MAE,5,4,5,3,1
qkc0mg,3.8,ECE,5,4,1,1,2
gdu8va,2.56,CS,1,2,3,2,4
ozp8bk,2.87,MSE,1,5,4,2,1
ebl5rk,3.16,CS,1,1,4,1,0
bto6le,2.54,ECE,5,1,4,1,2
xqy8kr,3.13,CHE,2,5,1,3,5
hpo0xd,3.86,CS,1,2,5,1,0
lfg9so,3.21,ECE,4,2,2,3,4
dua1jt,3.29,CS,5,2,5,5,4
gwj1vy,2.7,CHE,3,1,1,2,2
amx1wo,2.95,MAE,3,4,4,2,4
dko9yp,3.05,CS,4,2,5,2,3
rcd5xn,3.07,CS,2,1,2,5,5
skj6yw,3.71,CHE,1,1,4,5,2
rpq7kq,3.42,CS,5,4,2,4,3
ujy3po,2.76,CS,1,5,3,3,4
bdf0aj,3.3,ECE,5,5,2,3,2
ecn8ln,3.4,CS,3,2,4,4,3
uhw7gk,3.66,CHE,1,2,3,2,4
gug8eo,3.83,CPE,4,4,4,3,1
qnj0sl,2.79,MAE,2,2,4,3,1
hic7ws,2.88,CHE,4,4,3,2,0
won6vq,2.7,CHE,2,1,2,1,1
xtz6rc,3.11,ECE,1,2,1,1,3
ruj6iq,3.39,CPE,1,1,1,4,5
vhz1gx,3.59,SYS,2,3,1,5,1
hvt3vq,3.17,CS,3,4,1,3,2
fwk5jp,3.07,CHE,5,3,5,3,2
cno7dt,3.26,ECE,4,2,1,4,2
qey4di,2.87,MAE,4,1,3,4,1
diz1ox,4,CS,4,2,1,3,1
gwg1ui,2.56,SYS,1,3,4,2,0
oad1nu,3.27,SYS,4,2,1,2,5
cdd7ke,4,SYS,5,5,2,5,5
jti9nw,3.2,CS,5,3,3,3,4
qey2yn,3.12,CS,2,2,3,3,0
odn3dr,3.06,CS,1,1,5,3,3
txv0nd,3.13,CS,5,2,4,3,2
gji1xp,3.75,MAE,3,1,3,4,1
qai1dk,2.32,ECE,1,5,2,1,4
eqq6dr,3.81,CPE,1,2,1,3,4
rwa2bf,2.63,MAE,5,5,3,1,1
tut0mp,3.09,CPE,3,3,2,2,0
icj0kw,3.03,MSE,2,1,1,5,4
fuy7sw,3.44,SYS,5,3,5,2,5
xek7vb,2.56,SYS,3,1,3,3,0
usn0ec,3.38,MAE,1,5,3,2,1
wgf8uo,4,SYS,3,4,2,4,0
jxn4eh,2.65,CPE,1,2,4,1,5
aax2ao,3.28,MAE,5,5,5,3,2
nqr9vy,2.94,CS,5,1,4,4,1
jmp3dc,3.37,MAE,4,1,3,1,5
nhy8ct,3.21,MAE,4,1,4,4,1
bpe5wd,2.94,CS,4,1,1,2,5
qwv6yi,3.4,MAE,5,2,5,3,5
mkc1ts,3.92,CS,2,3,4,2,4
iqs9qh,3.12,CPE,5,4,1,5,4
hxw7gm,3.49,CS,3,2,2,3,4
eqr6pp,2.68,MAE,5,1,4,2,2
uxj0aw,2.82,CS,5,2,5,3,2
vya9yd,3.39,CPE,1,5,1,1,5
isf9wj,3.79,CPE,1,1,4,3,3
vsi0sh,3.34,CS,1,4,2,3,1
fet4fb,3.07,ECE,5,1,4,1,4
ret4en,3.2,ECE,2,4,1,2,1
ndr9yy,2.7,ECE,3,4,4,3,5
lob5gl,3.44,CHE,3,3,5,4,0
ojn9ns,3.55,CS,2,3,3,3,5
ipk9wz,3.02,ECE,2,2,1,2,2
ozo1fg,3.01,CS,3,2,1,1,3
otj9ck,3.31,ECE,4,4,1,2,0
cmq9ud,3.03,CS,1,1,1,5,1
abt1ql,3.17,CS,1,5,4,3,2
xvg7al,4,ECE,3,5,5,3,4
vxx2uk,3.1,CPE,2,1,2,1,0
ule9qb,3.06,CHE,4,1,5,3,2
iju6ee,2.94,MSE,3,3,1,4,1
cal4ar,3.5,CHE,1,5,4,4,5
wmn2rg,3.13,ECE,5,4,4,2,1
uwc3gy,2.94,SYS,2,2,1,1,0
naf8kl,3.73,CS,5,3,4,5,0
iqm9rd,3.77,ECE,3,5,1,2,5
ddn5yi,2.96,CHE,1,1,5,1,0
cgx7wj,2.45,CS,4,5,3,1,3
pal0ba,3.6,CHE,5,4,4,2,4
juc7hf,2.93,MAE,4,3,1,2,2
xop2eu,3.52,CS,1,1,1,3,5
yzn2tc,2.41,CPE,5,4,4,5,1
yws5fo,3.56,CS,4,2,2,4,1
pyj4kk,2.72,CPE,4,3,1,3,4
tnh7wt,3.49,CS,5,4,4,1,0
dsl5aj,3.21,CS,1,4,1,5,0
hcl1vi,2.82,CS,4,1,2,5,1
grq9cl,3.04,MAE,3,2,3,2,4
pma4eg,3.47,ECE,5,4,2,5,1
gyo7nm,3.24,CS,2,3,5,5,0
rhn0om,3.43,ECE,2,4,4,1,5
cxm6cp,3.99,CS,1,5,2,3,2
pzc0dz,2.57,SYS,3,3,3,5,0
eor5th,3.85,ECE,4,3,1,2,5
gwo3ss,3.24,MAE,2,4,4,3,2
rjx3zn,2.84,MAE,1,1,2,2,3
pdd4jy,2.67,SYS,3,3,3,5,4
pty5pl,3.12,CS,3,5,2,3,5
thp8xg,3.57,CS,1,1,5,5,3
exa9gn,3.15,ECE,1,1,4,1,0
vgy5ri,3.8,CS,4,1,1,3,4
vtm1jb,2.62,ECE,1,3,3,2,5
bzh0sx,3.2,CS,4,1,2,1,0
nms6bp,2.7,MSE,4,4,4,4,4
ydn0ec,3.35,CS,5,1,2,2,4
ncu4uz,3.55,MAE,3,5,4,5,0
mbl2rp,3.03,CS,3,2,5,2,0
lkl1uh,2.16,MSE,3,5,2,4,5
jys8wh,3.28,CHE,5,3,5,2,4
xns3zu,3.37,CS,4,1,3,1,5
glt3qs,3.36,ECE,4,1,5,2,4
rcm6hq,3.69,ECE,1,4,4,3,5
kbl9je,2.77,CPE,5,1,3,4,0
nmx3me,3.47,CS,1,5,2,2,0
waq0gp,3.68,CS,5,3,2,4,1
weh8ow,2.49,CS,1,2,4,1,5
vby7if,3.33,CS,2,1,1,3,1
stl0hv,3,ECE,3,2,1,5,1
mew8pv,3.17,MAE,3,1,2,2,3
gqi5is,3.34,CS,4,3,4,1,4
pgk3iu,3.01,MSE,2,5,1,4,2
fyu7ks,2.93,CHE,3,3,5,4,3
pww7va,3.21,CS,4,2,2,1,4
lga1og,2.77,CPE,2,1,5,2,2
tpz3is,2.77,ECE,3,2,4,5,1
hxm5tj,3.47,SYS,1,5,5,2,2
okx5ac,2.74,SYS,5,3,1,3,0
wdp8tb,3.47,CS,2,2,1,2,0
sud3io,3.39,CS,4,2,3,3,5
cuk8xa,2.51,CS,2,5,2,4,4
gzu6wt,2.93,CPE,4,1,4,3,3
xdd2rd,3.68,ECE,2,2,2,5,1
ifv3or,2.81,CS,4,5,5,1,4
egs2nq,3.01,CS,3,1,4,3,1
aba1ov,3.38,MSE,1,1,4,2,0
chq7xr,3.51,CS,3,3,1,3,3
fku8jr,3.1,MSE,1,5,5,4,3
rsw8au,2.96,ECE,3,1,1,3,0
bil7ys,3.77,CHE,3,3,1,5,2
bbg3jd,3.9,CS,2,4,3,3,3
wfg6pa,3.59,SYS,5,5,1,5,2
gll3pf,3.23,CHE,4,4,2,2,1
mdw7at,2.88,ECE,4,1,4,4,3
fhq3rx,2.87,MSE,4,5,1,1,5
pjo8ec,3.41,CS,1,3,2,2,0
qgi2us,3.37,MAE,4,1,5,2,2
ltd7nu,3.76,CS,4,5,4,1,5
oii1dm,3.46,CS,2,5,5,3,1
wzh3fh,2.6,CS,3,4,2,3,1
trl4io,3.62,SYS,4,1,5,3,3
vjq5qh,2.8,SYS,5,3,5,4,3
iiy9cb,3.05,MSE,4,3,5,2,5
wkh6ah,3.3,SYS,1,1,1,5,4
awl6xk,4,CS,1,1,1,1,4
pjm6wq,4,CPE,1,2,1,2,3
zgz8uc,3.44,CHE,4,4,4,3,4
sfp7fd,3.13,SYS,2,1,2,1,0
ydr1dk,3.41,CS,5,1,1,5,5
fqj9cu,3.56,ECE,4,2,5,2,0
pfj9sd,3.07,CS,2,2,5,2,4
gel1uv,3.92,CHE,2,5,5,4,3
fak0kk,3.29,CS,4,3,5,2,0
dpf6zf,3.4,ECE,4,4,3,2,1
cok0ig,3.47,CS,2,5,4,5,3
okh6zs,3.37,CS,2,1,2,5,5
jai7eh,3.54,CHE,2,2,2,1,2
cbk4wl,2.95,CS,4,3,1,3,2
boe2uq,2.98,CS,2,5,3,5,3
wwt8as,2.76,CS,1,3,2,1,4
dqf7th,3.38,CHE,4,2,4,2,0
yrw0gp,3.51,CS,1,5,5,1,0
unz6gu,3.38,CS,3,5,1,1,3
qtq5nk,3.87,CS,4,3,4,1,1
kfj1ce,3.2,MAE,3,2,2,1,5
rtn4gi,3.47,MAE,2,1,3,5,4
elk1gn,2.76,CS,2,5,1,3,1
jzu5fs,3.05,SYS,5,1,2,1,3
bvu3pa,3.48,CS,2,2,1,4,3
lau2kt,3.54,CS,3,5,2,2,1
wjq0km,3.08,CS,2,5,5,2,2
xxb6oo,3.17,CHE,4,1,3,2,3
nnx9ea,2.59,MAE,2,4,5,2,5
gze4df,3.06,ECE,5,1,2,2,4
dtv8gk,3.56,ECE,2,1,4,1,1
yyk4sa,3.43,MAE,3,4,5,3,2
ush6da,3.4,ECE,3,2,4,4,1
skr2bu,3.22,ECE,2,2,2,5,2
jxe1ey,3.2,CHE,3,5,3,4,2
jix9pe,2.94,ECE,3,3,4,5,5
fjv4eg,3.48,MAE,5,3,2,5,4
tkc0io,3.37,CS,4,5,4,4,3
dqc1rn,3.4,CS,5,3,5,1,2
lqu3uo,2.99,MAE,1,1,2,2,3
znu1hd,2.34,CS,5,1,5,1,4
hov1qb,3.64,SYS,2,4,1,2,3
vur4pq,3.01,CS,4,4,2,3,5
grs9hr,2.85,SYS,2,5,4,5,5
yeb4nx,3.48,CS,1,5,1,4,0
pes5ts,3.04,CPE,4,5,5,3,5
clx2gb,3.62,ECE,3,1,5,2,2
crw8sf,3.45,CS,5,3,4,1,4
esl2st,3.47,CS,2,5,1,4,5
bfr6tk,2.65,CS,1,5,3,5,1
vzm0dz,3.68,CS,3,1,4,3,4
nkz8zc,3.3,CS,5,1,5,5,2
dmo5tx,3.05,SYS,3,1,2,2,4
vad6cp,3.26,ECE,5,3,1,5,5
nmy3aa,2.49,CS,4,5,3,1,1
gzf3am,3.36,CPE,3,2,2,3,0
ugc0nv,2.79,CS,3,2,1,3,2
xsd3dm,2.66,MSE,3,5,4,1,2
rit0cu,2.59,SYS,4,5,4,5,4
lfg1ya,3.65,CPE,1,5,1,1,3
mbb7hj,2.95,ECE,5,5,3,4,3
hbh9gf,3.81,CS,3,3,1,1,1
icw8la,2.99,ECE,4,2,2,5,0
anj1cc,2.52,CS,1,4,2,1,0
wgu1bh,2.75,MAE,5,2,4,2,4
gdw3mr,3.69,CS,4,2,1,1,4
xlw0im,3.14,MSE,5,1,4,1,3
hep0tw,2.98,CS,3,5,3,5,5
ksi0mo,3.26,CS,1,5,2,4,0
yqe8hz,3.4,ECE,4,5,5,4,5
ppx8um,3.65,CPE,1,1,5,5,0
cle6zn,3.78,MSE,3,3,1,5,5
ztc1cz,3.06,CHE,1,3,1,5,5
yhf1xm,2.67,SYS,1,4,5,2,0
sxs7hz,3.03,MSE,2,3,1,3,1
ljj2yz,3.3,CS,1,3,2,1,1
lpn7at,2.81,MAE,5,5,3,5,4
oik9hg,2.82,SYS,4,2,3,5,5
ygz9pe,3.34,CS,2,3,4,5,5
hdh8ku,3.18,CHE,4,3,2,4,5
klp9lu,3.21,CS,4,1,1,5,5
cpv8hc,2.9,ECE,3,4,1,1,5
fbb4tj,3.11,CS,3,1,4,5,3
nnb2su,2.83,MAE,2,5,4,1,2
hdm6ej,3.56,ECE,3,2,1,2,5
qdw4rs,3.61,CS,3,4,1,3,3
nvi8my,2.46,SYS,3,1,2,4,1
zrk6tk,2.83,CS,4,3,4,1,5
yfj8tx,2.6,CS,2,3,2,2,1
zjk9cm,2.94,CS,4,4,1,3,4
hbm2kt,3.17,CPE,5,3,5,3,2
kfh0nk,2.62,ECE,4,1,5,3,0
khz9cf,2.83,CS,5,1,1,1,2
xgf4zc,2.8,CS,1,3,4,2,5
rzi7ez,3.28,SYS,1,3,5,5,5
ofo5lk,3.23,CS,5,5,4,2,2
cfr9ow,2.91,CS,5,2,5,2,2
knc6zm,3.27,SYS,4,4,4,2,4
etb5yj,2.98,CS,5,1,5,1,1
glo8bb,3.09,CPE,2,4,4,1,0
uqw3nz,3.87,CS,1,5,2,1,2
tty9dw,3.74,ECE,1,1,4,2,0
wfw1jm,2.68,CS,5,5,2,1,2
ski6sp,3.53,SYS,3,5,2,3,1
uwr3gd,3.52,MSE,3,3,1,1,0
hdo2ar,2.74,ECE,5,4,2,4,3
wlx6gz,3.53,ECE,2,4,3,1,1
szs7cn,3.82,SYS,3,3,2,1,0
ptn7sj,2.75,ECE,5,4,4,1,2
okr0fg,2.83,CS,2,3,2,1,2
qhf3rt,3.61,MAE,2,1,4,4,1
mpa0ep,3.31,MSE,4,5,4,5,1
smh3er,3.42,CS,2,5,3,1,2
euz8pe,3.34,MSE,3,4,2,3,0
mxo0nv,3.36,CHE,3,2,2,4,3
rhz5pk,2.67,MSE,5,5,5,5,4
blk3yr,3.62,MAE,5,3,5,1,1
bhm1vs,3.67,CS,2,2,1,5,2
cic8ym,3.11,CS,1,2,4,3,0
eqi7xq,3.18,MSE,4,5,3,4,1
cyf9th,2.59,ECE,1,5,5,4,0
egd2ub,3.41,CS,2,5,2,5,1
ccs3oa,3.43,CS,2,3,1,1,2
vqu3ho,3.18,CHE,1,2,3,2,0
eju5hu,3.65,CPE,4,4,2,4,2
jcz8dw,3.07,CHE,1,3,2,2,0
fqz7vi,3.43,CS,5,1,4,4,1
pqk8hs,2.79,ECE,3,5,4,1,4
vse3bi,3.19,CPE,5,2,5,1,4
bfp5ax,3.13,CS,3,3,5,4,3
tog3oe,3.29,ECE,2,1,2,5,3
vyk0ma,3.05,CS,4,3,2,1,5
zlf4eg,3.15,CHE,1,3,5,1,2
tys9ht,3.53,ECE,4,4,5,3,0
cyl1ug,3.03,MSE,1,4,2,1,3
hwe6xk,2.56,CS,5,3,3,3,1
sam4sd,3.9,CS,5,1,2,1,4
puz5ni,3.75,SYS,1,2,3,1,0
tpj4kl,2.68,CS,4,2,3,5,5
xto2qt,3.48,CS,1,5,2,5,4
ubv6zf,3,ECE,2,5,1,1,0
qbc0rg,3.31,CS,5,2,5,4,3
jwb3pd,3.32,CS,2,3,4,4,3
iqt1bm,3.11,CS,5,3,2,1,2
vgw2am,2.89,CS,5,4,3,4,5
jha9gu,2.92,CS,3,4,2,1,0
vog3za,2.83,MAE,2,5,5,5,5
lcb1tc,2.87,MSE,2,2,3,2,1
waf2ts,3.17,ECE,3,3,4,3,5
upk6am,2.91,ECE,4,2,4,4,3
azn8pd,3.47,SYS,2,1,4,4,2
dbg4eb,3.79,ECE,1,2,1,5,3
vyl7pf,2.97,ECE,3,1,3,4,4
plm3lt,3.3,MAE,2,4,3,1,3
jvp4ig,3.4,ECE,4,4,1,1,0
cqe1bi,3.39,SYS,2,5,3,2,2
hdr7cd,3.23,ECE,5,2,1,2,0
hkd2sz,3.5,CPE,1,2,2,2,1
vnf4av,3.39,CS,3,1,5,1,1
mbh7mq,2.7,MAE,5,4,4,2,3
oyc2qe,3.55,ECE,4,1,1,2,2
nbe3zd,3.55,CS,5,4,1,1,5
pdv1po,2.89,MAE,5,1,1,5,2
yru0cn,3.22,CPE,4,4,2,4,2
cex9he,3.47,CPE,5,1,1,3,2
zzt7dr,3.12,ECE,3,4,5,1,3
mxz3qk,3.63,CS,2,1,5,1,0
dht3rs,4,CPE,5,2,4,3,3
wuc9ms,2.89,CS,3,5,2,3,5
kfl4df,2.65,CS,2,1,5,2,0
wgn1gy,3.32,CPE,2,5,3,3,5
hvv8wy,3.49,MAE,5,2,3,4,4
fyh3mk,3.11,CS,3,2,3,4,4
ctr5la,3.78,CS,5,4,1,4,0
roa4vx,2.66,CS,4,5,1,4,3
glc0zf,3.48,CHE,2,3,3,4,5
ipv6mf,2.96,CS,5,4,4,2,5
rsv5kt,3.89,CHE,2,5,4,1,1
gaa7ro,4,ECE,3,1,1,3,5
jrq9ml,2.89,ECE,1,1,3,1,3
sqx2qv,2.98,ECE,5,2,4,3,1
vlf0fg,3.54,SYS,5,3,1,2,3
gqb6kc,3.05,ECE,2,1,3,2,2
nyi4ig,3.18,ECE,3,5,2,5,5
ira4da,3.21,MSE,4,5,3,5,2
xih1xk,2.43,CS,3,1,3,2,4
jka8an,3.19,ECE,5,5,5,2,4
zhe2zk,2.92,CS,4,5,5,3,0
rhu9ui,3,CS,3,2,2,2,5
vge4xj,3.78,CS,1,3,2,1,1
wrs4xz,2.7,CS,2,2,3,3,2
cix2to,3.53,CHE,3,3,4,2,3
gox5qi,3.09,CHE,3,5,2,3,5
qyz0bq,3.09,MSE,1,3,3,3,0
sqo6wb,3.52,ECE,5,5,1,4,3
djl0lb,3.34,CS,2,5,5,5,2
olr0ro,3.43,ECE,3,2,4,3,5
avy2gc,3.59,CS,4,2,3,3,2
uol9nu,3.07,CS,3,4,1,4,5
npv9wx,2.96,CS,2,1,5,2,5
ktu1ie,2.77,SYS,3,4,1,3,2
fdr0hc,2.87,SYS,1,4,3,4,2
hlx4ns,4,MAE,3,3,2,1,3
pcr4rm,3.7,SYS,3,5,5,4,0
kxt4fi,2.66,CPE,4,5,1,5,2
wll9di,2.67,CHE,1,5,2,5,4
dtz2ih,3.39,ECE,1,1,4,2,0
gac9yq,3.42,CS,3,3,3,2,4
mpn3vr,3.42,CHE,4,3,3,5,3
rhu5oc,3.1,ECE,3,5,5,5,2
fbh8eq,3.15,CHE,3,4,1,3,0
fgr3gl,3.33,CS,2,1,4,5,2
tge0mj,3.23,CS,2,4,5,2,5
xbk2eh,2.31,CS,4,2,5,5,2
qfs4ab,3.11,CS,5,3,1,2,0
chk9em,2.86,CPE,2,3,4,1,2
hit1aq,3.27,ECE,5,4,1,5,2
egt7wu,4,CS,1,1,3,2,1
ses2yd,3.35,ECE,2,3,2,4,1
fna6ip,3.07,CS,2,4,3,3,0
kvb0iw,3.57,CS,4,1,3,2,0
xpr1qd,3.39,CS,5,4,5,5,5
eqv7ej,3.37,CS,2,1,3,5,5
xue3dl,3.44,CS,2,5,4,1,2
mva6wg,4,CS,4,1,3,4,4
lnu1pq,2.75,CS,4,2,4,2,0
dlm7dg,3.39,CPE,5,5,1,4,2
mfj2hh,2.83,CS,1,4,5,1,4
epx8dk,3.42,ECE,1,5,4,3,1
ahu9zl,2.83,CS,3,5,3,4,5
owp7hu,3.03,SYS,2,4,5,1,0
ebv5fl,3.08,CS,5,4,5,2,2
nfl3he,3.59,MSE,2,2,4,3,1
tlm2sk,3.57,MAE,5,4,4,5,3
grn3bk,2.7,ECE,5,3,2,1,1
peh4ds,3.22,ECE,5,3,2,5,2
ibo2cg,2.92,CHE,2,2,5,3,5
hhr8kd,2.7,MSE,4,1,2,1,4
iyk3oi,3.11,CS,2,1,3,1,3
rbx9zm,3.08,CS,5,3,1,3,3
vkx8ps,4,CPE,3,4,5,2,5
kbo1rm,3.37,CS,1,2,1,1,3
kzy3lj,2.65,CS,5,1,2,3,0
xma3or,2.97,CHE,3,1,4,4,2
eln9ha,3.61,MSE,4,5,5,5,3
cff4vz,4,CHE,5,3,2,1,1
pyd4dx,2.57,CS,3,4,3,4,4
jmr0aw,2.45,ECE,5,2,5,1,2
ezl7lx,3.95,CS,2,1,5,2,5
aks9pt,3.36,CHE,3,5,4,3,1
rwo3mg,2.85,CS,2,3,5,1,0
csj1da,3.41,CS,2,3,4,3,3
kgz8fz,2.15,CS,3,2,2,1,1
ezx5rw,3.2,MAE,1,1,3,2,2
rlj0di,3.33,CHE,3,2,3,2,1
fkw5ka,3.57,CS,1,2,5,4,0
yxq6hm,2.79,ECE,5,5,5,2,4
maj4bw,3.23,CS,5,3,2,3,3
apc1oi,2.83,SYS,3,4,4,2,2
zwb5fx,3.3,CS,5,3,3,1,3
sxh1dr,2.84,CPE,4,3,4,2,3
tbu3ww,3.04,CPE,2,5,2,3,5
gvl7jh,2.8,CS,2,4,3,1,3
nyz1op,3.46,CS,1,1,3,4,1
ley8xe,3.54,CS,5,4,1,4,1
uqx4ng,3.11,CPE,1,1,2,4,4
nds1vw,3.22,MAE,2,4,2,1,0
qgm0cl,2.62,SYS,2,2,1,4,2
hir9of,3.08,CS,5,4,4,2,1
hpt9hc,3.18,CS,4,5,1,1,3
mmh7mg,4,CHE,4,1,2,1,0
ttl4mx,2.76,CS,5,3,4,1,2
kzg1lt,3.79,CS,5,5,3,5,2
foi4kl,3.6,SYS,1,1,1,3,2
knm0fo,3.31,MSE,5,1,4,5,2
sxa0kf,3.9,CPE,4,3,4,5,4
bes1vz,3.35,CS,5,2,4,5,2
vze3iy,3.36,CHE,1,5,1,3,0
dfd7ao,3.18,CPE,1,3,3,5,1
abb5hd,3.69,CS,1,3,4,4,0
ejt8es,3.64,CPE,1,2,1,1,3
dut9yn,2.95,MSE,3,5,2,1,5
xzw7zx,2.67,CS,5,3,1,2,4
qlm8cw,3.12,CS,2,2,1,4,4
hsf8kd,2.88,MAE,5,5,1,3,3
smv9gh,3.17,CS,3,4,4,1,0
qkz6lx,3.69,ECE,1,1,1,5,0
ygg6dp,3.02,CS,3,2,2,2,3
los2jk,3.18,ECE,4,1,4,2,5
sai7tr,3.22,CPE,4,4,2,1,2
thx2vc,3.54,MAE,5,3,5,4,2
qyh2gp,2.3,CS,5,3,1,2,1
awk5cp,2.96,CS,2,5,4,1,0
ish4fs,3.28,CS,2,2,4,4,0
icp3yy,3.68,CPE,4,2,1,1,3
wbv2xk,3,CS,1,5,3,1,3
bhc8vr,2.45,ECE,3,1,3,4,2
hpq3qh,3.45,CHE,2,3,2,4,0
dov7xa,2.95,MAE,2,3,1,4,0
zyb7hu,2.72,CS,1,2,1,1,4
jzx8ui,2.95,MAE,1,2,5,2,1
zne5bp,3.13,CPE,5,5,3,3,1
gks3pw,2.96,CS,3,4,3,3,2
dpy1ln,2.32,CS,1,1,1,1,5
eqk3lv,3.56,CS,2,4,2,1,0
tlv5zw,3.71,ECE,2,4,1,2,4
kes3pn,3.46,CS,4,2,2,4,0
fvh2to,2.74,CHE,1,2,3,1,3
yxj2sl,3.12,CPE,5,2,5,5,2
hqu9wi,3.2,MAE,3,4,4,4,5
smv3al,3.44,MAE,5,1,3,1,1
fpt1eu,3.47,MAE,2,2,2,5,0
vkq2dm,2.91,CPE,5,3,1,2,5
ath7jb,3.23,MAE,2,1,3,5,2
ber2xu,3.38,MAE,2,3,5,1,1
hjo8cv,3.78,MSE,2,1,2,3,0
hir7tm,3.48,CS,2,2,1,1,4
gls8fq,3.52,MAE,2,5,4,3,2
clt2ff,3.23,ECE,4,2,2,2,0
hrv9rs,3.76,ECE,5,4,1,2,1
fae4uc,3.36,CS,4,4,4,4,1
chy5vj,2.86,CS,4,1,1,4,4
wpd9uj,3.76,CHE,1,4,4,3,2
gvm8zk,3.48,CS,1,2,4,3,2
qri8hn,3.02,CS,1,3,4,2,5
efw9jm,3.01,CS,3,2,1,5,0
vbp8ip,3.32,CS,1,1,4,3,5
pdr5ax,3.39,CS,5,4,2,3,1
sgf2pz,3.28,ECE,4,3,5,5,1
yxt7re,3.32,CHE,5,5,5,4,4
mln9eg,3.88,CS,1,3,4,4,4
dma1xb,3.63,CS,3,3,5,3,2
uiw1au,3.28,MAE,3,2,5,4,5
vgj6cz,3.58,CS,4,5,4,4,1
iqb1xe,2.79,CS,5,1,4,4,0
wee8vo,3.36,CS,2,1,2,2,3
tri9hl,3.92,MSE,5,3,3,1,0
qjq1nj,3.11,CPE,1,3,1,3,4
fwh4zm,2.86,CS,2,4,4,3,0
klo4wi,2.94,CS,3,5,4,2,1
nhh2rr,2.76,CPE,4,3,5,1,5
npk5zc,2.89,MSE,4,4,2,1,2
ymt5pt,3.05,CPE,3,5,5,2,5
vss1kx,2.64,CPE,1,1,4,5,3
piv4zl,3.21,MAE,3,4,4,5,2
gof4us,3.56,CS,1,5,5,1,3
nly0nk,2.84,ECE,2,4,4,5,3
uhm8zr,3.81,CPE,3,3,3,5,1
etm2ox,3.4,CS,1,2,1,5,1
ldl6rd,3.61,CS,2,1,1,1,4
fpd2zm,2.94,MAE,3,3,1,5,4
bax5oo,3.54,CS,4,3,3,3,3
esa1zf,2.76,MSE,3,5,4,1,5
ekq6bx,3.56,CHE,5,4,5,2,4
kxz9tv,3.27,CS,3,1,2,5,1
ers8ru,3.42,CS,5,3,4,4,4
vih8lc,2.73,SYS,2,5,3,1,3
iup7qz,2.84,CPE,3,1,3,2,2
smo3ih,3.44,ECE,2,4,1,3,5
utt7qs,2.82,SYS,2,3,4,2,5
eag8eu,3.39,CS,1,3,1,5,0
nun9sy,2.65,CS,2,3,2,4,4
jvd3sq,3.54,CS,2,1,1,5,5
nde2dh,2.71,MAE,3,1,2,2,1
omg0cg,3.42,CS,3,1,3,1,2
uth5qn,3.45,SYS,4,1,1,4,1
ayh5yo,2.92,MSE,1,5,1,4,4
rat1uf,3.43,CS,2,2,5,2,3
ify0rc,3.3,CS,1,5,3,5,0
sma9hm,2.98,MSE,5,3,5,2,0
jfg4bx,2.8,ECE,2,5,2,4,2
fns8ll,2.41,CS,1,4,2,2,5
nmb0sz,3.34,CS,4,1,3,4,5
wrf4du,2.57,CS,4,4,2,5,5
npy2oe,3.24,ECE,2,4,3,1,0
fqc0la,3.09,ECE,5,3,2,1,3
pzc2bh,3.47,CS,4,1,4,2,5
dwn2is,3.08,CS,4,4,1,4,1
ehy7bu,3.07,CS,5,3,4,1,5
soc7fz,3.49,CPE,1,1,3,4,3
qgs5ic,3.33,CPE,4,2,3,5,2
ial7ly,3.33,CPE,3,3,4,2,2
kij8js,3.39,CS,4,5,1,4,0
msp0fv,2.59,MAE,1,1,1,2,3
ftc3mr,3.5,ECE,1,4,5,4,1
mbu8tc,3.44,SYS,2,4,2,4,3
oik5ue,2.79,SYS,3,5,5,5,1
tyt8ft,3.1,ECE,1,5,1,2,1
zuw3kz,3.18,CPE,5,4,4,3,3
mca6et,3.15,ECE,3,1,2,4,4
ozw8ie,3.33,ECE,3,3,4,4,3
cqc1jh,3.77,CS,5,5,5,1,1
tak7lz,3.63,CS,4,5,3,2,5
gny0fh,2.68,SYS,5,5,4,3,2
qzx2sn,3.45,ECE,5,2,5,5,2
edo5iq,3.73,CS,4,1,5,3,0
pwx0gl,3.35,MAE,4,1,5,5,2
noo5ek,3.64,MAE,4,1,3,3,4
ati7qe,4,ECE,4,1,3,3,1
new6ba,3.61,MSE,4,1,3,2,3
aug5ag,3.3,ECE,5,4,2,1,3
hpz0gz,3.62,MSE,2,5,3,3,4
mmy5gp,3.26,CPE,2,4,3,4,2
dyi2wd,3.21,MSE,1,2,3,4,1
qua9zx,3.06,MAE,2,3,4,4,2
ihh3wt,3.83,CS,2,5,3,1,0
vez6lx,2.87,CPE,5,2,2,3,2
wco0zv,3.81,CHE,4,4,5,5,0
fcp1pv,3.4,MSE,4,3,4,5,3
iyx4dl,2.64,CHE,5,2,1,2,1
zeg0oi,3.35,CS,2,3,3,1,5
nte9sj,2.36,SYS,5,2,5,3,0
yqz8xl,3.45,ECE,1,4,5,4,2
vcl6tg,3.55,CS,4,3,4,1,2
ekf3wo,2.96,ECE,3,2,1,1,3
xzv6bz,3.25,ECE,1,4,2,3,4
ojn3zr,3.98,CS,1,5,5,2,5
obk1pt,3,CS,5,4,5,2,4
xuh0it,2.78,CS,2,4,5,2,2
rmj7nu,3.79,MAE,4,5,5,4,4
xfn2in,3.99,MSE,3,4,4,4,5
omo8sv,3.2,ECE,1,5,1,3,5
urw3la,3.6,CS,3,5,5,2,1
lay4hy,3.74,SYS,2,5,2,3,4
pgy4fx,2.9,CS,2,2,2,2,1
icv3ni,3.01,CS,3,3,3,1,2
lvn9sf,3.69,SYS,4,2,5,5,2
rrk5wv,3.87,MAE,2,5,5,5,2
ipz0cp,3.43,CS,3,3,5,2,3
vic1gq,2.85,CS,1,3,5,3,4
rpz5mp,3.99,SYS,3,5,5,4,0
mkj9vt,2.99,SYS,3,3,2,2,5
knd7qu,3.07,ECE,5,3,1,2,0
lgl4rn,3.34,CHE,2,2,1,4,2
tpu4ak,3.82,CS,4,3,3,2,4
nrz2li,3.54,SYS,4,5,2,1,1
gju0sq,3.37,SYS,5,1,5,4,0
xzd5ov,3.39,ECE,4,1,1,1,2
zad4ie,3.22,ECE,3,1,4,5,0
map2nd,3.42,CPE,5,5,4,4,0
mix0aa,2.19,CS,1,1,4,4,5
smb3zn,3.08,CS,2,2,5,3,0
tzi2fq,3.3,CS,2,5,5,3,2
src2xi,2.74,CS,2,5,3,4,5
dgf6pn,3.35,MSE,3,5,3,5,2
kxb4ic,3.12,CS,1,3,3,2,3
qac3ke,3.9,MAE,5,3,4,3,3
oud5gc,3.83,ECE,5,3,5,5,3
emv0rj,3.01,MAE,2,4,4,5,0
wim8yo,3.14,ECE,1,2,3,3,4
omf4gj,3.17,CS,1,5,5,2,2
iro3cq,3.02,CS,1,5,2,3,3
lxa6uy,3.28,ECE,4,3,1,5,4
sus9gb,2.9,CS,4,5,1,1,3
lpf4xy,2.75,CS,2,5,3,3,3
rtn8yf,3.45,ECE,1,1,4,5,4
pma4kl,3.45,CS,1,5,2,3,3
tfk9vg,2.88,CPE,5,4,5,5,0
jfu1xg,3.56,CS,5,3,4,2,0
ngr3pg,2.95,CS,2,2,3,5,5
ejs1kt,3.3,CS,1,2,4,4,0
sdw2dd,3.53,CS,2,1,3,1,1
lrz0cn,3.19,CS,5,2,1,5,5
vpu2du,3.38,CS,5,2,1,3,3
ngc0ou,2.99,CS,4,3,4,3,1
nsv9bx,3.12,CS,2,3,2,5,2
enl6bk,3.12,CHE,2,4,5,4,4
obr3br,2.9,CS,1,1,3,5,2
ndj4tm,3.13,SYS,1,2,5,2,1
qxi4gn,2.58,ECE,4,4,1,4,0
vvi6ms,3,ECE,3,1,2,5,3
bym1kb,3.09,CPE,3,2,2,1,5
xji6bd,3.1,CS,3,2,5,4,3
plc8bg,3.1,CS,2,3,1,5,0
ybp7wg,3.18,CS,2,5,5,1,3
awy1bj,3.39,MSE,5,1,4,5,4
fyi4ra,3.55,CS,2,2,2,2,4
pcm0ct,2.94,CS,2,1,2,3,4
ive1cu,2.72,CS,2,4,4,5,2
nfb9fl,2.78,CS,4,4,1,4,0
vhh7wr,3.01,CS,2,5,2,5,4
ftx9iq,3.06,CS,1,2,3,5,1
vxi0et,2.89,CS,1,3,3,5,4
zyl6mu,2.68,MSE,5,2,1,5,5
nvd3al,3.02,MAE,4,1,4,4,2
tpu4le,3.27,CS,1,4,5,4,1
soi0tq,3.44,ECE,4,1,1,5,0
vpt1qd,2.98,ECE,4,5,5,3,0
eqb9de,3.03,ECE,5,4,1,5,5
weg1mz,2.83,CS,4,3,3,4,4
xro5sj,3.19,CPE,2,4,4,2,1
vvn5xv,2.86,CPE,4,2,3,5,5
jqd1xp,3.43,ECE,5,2,4,5,1
rvs5ga,2.49,MSE,5,4,5,5,4
ica0qp,3.06,CS,5,5,1,5,4
gku7ib,3.32,CHE,1,2,2,1,3