Computing ID,GPA,Class Year,Major,Size Preference,Reading,Writing,Group Work,Time Commitment
tie9zg,3.4,1,CS,5,5,2,5,0
kjk9kq,3.14,2,MAE,1,1,0,4,0
fgb1ci,3.46,1,ECE,5,3,2,3,3
sia1ra,3.81,3,MSE,2,5,3,5,4
nsu8bz,3.11,4,ECE,3,5,2,2,0
vid6at,3.11,1,CHE,3,1,4,0,5
wez5rq,3.83,3,CHE,5,4,1,4,0
pyd4dx,3.51,1,ECE,0,1,1,3,1
gcn9vk,3.01,2,SYS,0,2,0,2,4
raw3es,3.42,3,SYS,1,2,0,4,4
bmq4qs,3.01,2,CS,0,5,3,1,0
eli9hz,3.01,3,CS,1,5,5,2,4
huk1mt,3.3,1,CS,4,1,3,4,1
iyx4dl,2.43,4,MAE,1,2,4,2,1
jho9el,2.51,3,CHE,0,2,0,0,1
gfr0ac,2.98,1,CS,5,4,0,0,5
nwf0yc,2.79,1,CS,4,3,3,0,3
ndx2ip,3.33,4,MAE,0,4,3,5,0
doz9pd,2.84,1,CPE,1,0,3,1,4
yvl6vc,2.64,1,CS,2,4,1,0,1
ktr6pl,3.79,3,CS,3,1,2,1,0
ksk1vn,3.11,2,CS,0,3,2,0,0
eje8ea,3.23,2,CS,1,1,0,5,3
mew8pv,2.63,3,CHE,4,0,1,2,5
fxs0hz,2.98,3,MSE,0,3,3,4,4
yje0cd,3.24,1,CS,0,5,0,4,5
tpu4ak,2.74,4,ECE,3,2,1,0,4
gfh3ry,3.35,4,CS,1,4,4,4,1
vfy8ag,2.96,1,CPE,2,1,5,0,1
wbu1fd,3.08,2,CS,4,0,1,0,0
oyv5ey,2.96,4,MSE,1,2,0,3,4
bqs3ik,3.94,1,CPE,4,4,2,3,4
ptj5ni,3.19,3,CS,0,2,3,3,5
gjy2pc,2.78,2,CS,3,4,5,1,1
hdp1pv,3.53,3,CHE,3,5,4,3,2
ale1fv,2.71,4,MSE,5,3,5,0,0
rhv0zj,3.28,1,CS,2,2,5,5,4
xxs1ql,2.42,1,CPE,3,2,1,5,3
eqb9de,2.67,2,ECE,0,2,0,2,3
pla0jo,3.28,2,CHE,2,3,0,3,2
jrm0js,3.5,4,CS,1,0,5,5,1
jyk1ra,3.27,3,CS,3,4,3,3,1
cyo1fj,3.15,3,CS,2,5,0,2,1
aug7kh,3.08,2,MAE,0,2,5,5,5
jfb1xa,2.61,1,MAE,5,3,0,0,3
xbg9pm,2.91,1,ECE,4,0,3,1,1
zvn4hb,3.02,2,ECE,4,4,4,3,3
ikx2ib,3.62,1,CS,0,3,5,5,2
euz8pe,3.34,3,CHE,0,5,2,5,0
twc8hn,2.49,2,CPE,4,5,2,2,5
auk7id,3.33,2,CHE,5,4,5,0,4
spm1uq,3.05,1,CHE,2,2,1,4,2
ebl5rk,2.93,4,CS,4,5,4,5,3
pbd2ql,3.44,4,CHE,0,0,1,1,2
dwj6wu,3.61,3,CS,3,3,2,2,4
hwu9mq,3.57,4,ECE,1,0,3,5,5
lic0eg,2.86,1,CS,5,2,5,5,0
jud1rr,3.08,2,CS,5,0,0,2,4
fop1nz,3.33,1,CS,3,0,2,2,5
vuh5gf,3.59,2,CS,3,1,4,3,3
pdd9hg,3.01,3,MAE,0,0,2,5,4
fcg4lw,3.13,2,ECE,4,4,4,4,2
bkf4ey,2.76,2,CPE,2,3,4,1,1
zfh7ui,2.72,2,CS,5,1,5,0,2
pvo3mf,3.53,3,CS,5,3,4,0,3
ijc0da,3.74,1,MAE,3,3,1,4,0
epz0qe,3.17,2,MAE,4,2,3,2,4
xws7dh,3.6,4,CS,5,2,2,2,0
pgp4hl,3.34,2,CS,2,1,3,2,3
geu7qm,2.94,3,ECE,3,5,0,5,4
chp9ri,3.34,2,CS,2,2,2,2,5
ljb3ox,3.82,4,MAE,4,2,3,2,5
moo5th,3.19,4,CS,5,2,3,5,2
trq7se,3.83,1,MAE,1,3,5,5,2
lwt8kr,2.15,2,CS,5,1,5,4,3
wuy3ro,3.53,2,MAE,4,3,0,3,5
nwb1bf,3.23,3,CS,5,4,4,5,4
apc1oi,3.08,3,CPE,5,3,2,1,5
gvc6of,3.24,2,ECE,0,4,5,2,2
wfw1jm,2.4,2,CS,5,0,2,3,3
qpy9sy,3.11,3,CHE,5,0,0,0,5
pka4kj,3.34,1,CPE,2,4,5,4,3
cgu7kj,3.79,3,CS,1,4,5,3,5
bqx2va,2.99,3,ECE,2,3,4,5,0
bkt1yg,2.88,3,CS,2,4,2,2,5
obx8ub,3,4,CS,3,1,2,2,2
hde9sd,3.57,4,CS,0,0,2,2,4
qah3dc,3.33,3,CS,2,0,4,3,2
dbf6qr,2.99,3,MSE,4,5,5,2,2
ugf6ib,3.41,1,SYS,4,4,0,5,2
isf9wj,3.24,1,ECE,5,2,2,3,3
kaz8px,3.59,2,SYS,3,2,3,2,1
qel0md,2.92,3,CS,0,4,4,0,1
noe0iz,3.07,1,SYS,0,1,1,0,0
jjl2ac,3.04,2,CS,5,2,0,1,2
afn3hc,2.61,3,CHE,4,5,3,2,1
nzc2po,3.32,1,ECE,1,4,2,2,0
qaw4uq,3.3,3,CS,3,1,1,3,3
tar0oj,3.2,1,CS,5,1,0,3,2
gus6yv,3.11,4,SYS,3,3,4,2,4
cuk8xa,2.63,1,CS,4,1,1,1,3
kwm6bj,3.03,2,MAE,4,2,5,2,0
rhj3do,3.06,2,SYS,1,2,1,5,3
lhu0ze,2.88,1,ECE,1,4,3,3,4
weu8cp,3.14,3,ECE,0,4,0,2,3
awk5cp,3.36,3,MAE,3,1,3,3,0
qdh0lz,3.95,3,ECE,3,5,3,2,4
xxo8xj,3.27,1,CS,4,0,2,4,4
lut2fe,3.3,3,ECE,0,3,4,3,3
apz4ym,3.17,2,CHE,5,0,1,1,4
rki5ro,2.43,1,SYS,3,1,0,4,3
tzt7rk,3.19,2,CHE,0,1,5,5,2
okx5ac,3.22,1,CS,0,0,4,2,4
php9jo,4,1,MSE,4,3,4,5,3
hia5ar,3.12,4,CS,0,0,0,3,2
qcy2zo,3.32,4,CS,1,4,4,4,4
cle6zn,3.19,2,MSE,1,2,2,5,2
rgo2hk,2.73,1,CS,2,5,4,1,5
tat8pd,3.66,2,CS,4,4,2,3,4
spc9fv,3.5,3,CS,5,2,1,4,5
icd2vt,3.52,3,CS,2,5,1,5,0
srt0dq,2.84,1,CS,1,5,3,4,0
alv6xq,3.76,1,CS,2,5,2,4,3
eej6cf,2.64,3,CPE,4,1,5,5,1
xcn2tr,3.43,1,SYS,4,5,1,0,5
lxh4zt,4,4,CS,0,3,4,2,5
bxr8ed,2.8,3,CS,3,0,0,3,0
qah8lr,2.97,4,MAE,0,3,0,3,5
oar7af,3.24,2,CPE,4,0,2,3,1
sno7hs,3,1,CS,1,4,5,4,2
gxy1hi,2.58,2,CS,5,4,3,5,2
lto6qq,3.23,2,CPE,1,0,4,2,1
nel2qw,2.78,2,MSE,0,3,2,1,5
zun2wa,3.39,2,CS,5,0,0,3,5
lay4hy,2.83,4,SYS,4,5,2,5,5
ize5um,3.82,3,SYS,1,1,4,2,3
dua1jt,2.89,4,CHE,4,4,5,2,4
swb6pe,3.07,2,CS,5,1,5,0,1
ple5ti,3.53,3,CS,5,5,1,5,1
igu4br,2.71,1,ECE,1,5,4,3,1
uiv7lt,3.29,3,ECE,4,4,1,4,1
wyv2ha,3.72,4,CS,2,4,1,2,1
tgy7ty,2.56,1,CS,4,5,1,2,5
oqn0rw,3.27,4,CS,5,2,2,1,3
qoc3ej,3.3,4,CHE,4,1,0,0,0
xvx0kk,3.51,3,CS,0,1,5,2,5
afr9be,2.71,1,CS,2,2,2,2,5
kzg1lt,2.67,3,CS,3,3,0,4,4
vya9yd,3.41,3,MAE,0,1,5,4,0
oor6ez,3.32,1,CS,3,0,4,1,1
eak7hs,3.3,2,CPE,1,5,5,5,0
ici3fw,3.34,3,CHE,3,5,5,1,3
xxw2vi,2.93,2,CPE,4,2,5,1,2
ihy5dv,3.29,3,MAE,3,1,3,4,5
thu6se,3.32,1,MAE,5,3,4,5,0
zva9ts,2.91,3,SYS,0,1,2,4,4
eaz8wt,3.95,2,ECE,0,5,2,0,3
zxn0ux,3.39,4,ECE,3,4,0,3,2
ngi9fu,2.72,2,MAE,0,0,2,3,3
zyo8hs,3.46,1,CS,5,2,1,0,1
nbe3zd,2.81,4,CS,0,4,5,3,2
umf1qh,3.51,3,CPE,3,3,2,5,4
tez2oz,3.66,4,CS,2,4,0,4,2
hdh8ku,2.87,4,MSE,2,4,0,3,4
isw8ev,3.59,3,ECE,1,3,1,5,1
tur9bh,3.37,3,CS,0,4,0,4,4
hfr0ez,3.53,4,CS,3,2,3,5,3
ykk7lk,3.96,3,MAE,0,5,5,0,0
wmc8xq,3.1,3,CHE,4,1,5,1,3
ljb0nq,2.9,2,ECE,5,4,5,0,5
fqa9an,2.84,2,CS,0,2,4,3,3
hjy7xe,2.87,3,ECE,0,1,2,4,2
pma4eg,3.17,2,MAE,2,1,3,5,1
dqa0yc,3.34,3,CPE,5,4,2,3,5
udw2ev,3.31,4,CS,3,2,3,3,5
zsr9xv,3.53,3,CS,0,5,2,1,5
auy5bx,3.21,1,MSE,2,4,1,3,0
coq5vr,3.78,4,CS,1,3,0,1,4
siq5oq,3.09,1,CS,5,1,0,4,2
rlj0di,4,4,CHE,2,4,1,4,1
jzb1gm,3.45,3,CS,2,1,3,5,0
ksu3mi,2.86,2,ECE,2,2,4,1,3
ejk4ig,2.77,3,CS,0,0,3,0,1
izs3cy,3.39,1,CS,0,4,0,4,5
ylq1wj,3.11,4,CS,1,5,4,5,1
mrr4tm,3.49,2,CHE,4,4,2,0,1
urs1aa,3.39,3,SYS,4,1,4,4,3
mth6dy,3.17,1,CPE,4,2,3,4,4
egp2cw,2.86,1,CHE,5,3,1,5,2
odt5el,2.59,2,ECE,5,5,2,5,5
ovx8vs,3.02,1,CS,1,2,3,2,4
vrc6kz,3.54,2,CS,5,4,2,3,0
gqy1qh,3.29,3,MSE,4,3,4,3,5
zoy1uj,2.7,2,MSE,4,2,0,0,2
eyi1jj,3.27,2,CS,2,0,3,3,0
jrg5ew,3.35,3,CS,5,5,1,0,3
ded1cz,2.85,3,SYS,0,1,4,4,4
ssg3vk,3.26,3,CPE,0,2,3,2,5
gof4us,3.22,1,CS,2,2,1,2,1
ifw2eo,2.74,1,ECE,2,0,3,4,2
uiq4nk,3.34,1,ECE,2,4,4,5,5
tbg8wq,3.42,1,CHE,0,5,3,1,1
rxk7ic,3.63,1,ECE,4,5,2,1,5
zui2ej,3.62,3,CS,2,1,4,3,0
iwl5ia,2.65,2,ECE,1,2,3,5,1
frl8ia,2.82,1,CS,2,3,0,0,1
iaa3li,3.41,4,ECE,3,2,3,2,5
owa8vi,3.41,3,CHE,2,1,2,3,3
mmc1vt,3.41,2,SYS,0,2,1,4,3
vsx4ro,4,4,SYS,5,0,1,5,4
zwq0oo,3.43,1,CPE,2,2,1,2,0
jnh6ky,3.65,2,ECE,5,2,0,0,3
rum1go,3.58,3,CS,3,3,2,0,5
pxi7ma,3.46,2,CPE,1,0,4,1,3
olr0ro,3.07,4,CS,5,0,1,3,4
gsa8ry,3.5,2,CPE,4,2,2,4,2
fir2ia,2.89,2,ECE,2,5,3,2,4
rqt2bc,3.11,4,MSE,3,3,0,0,1
cvt2dq,3.01,1,ECE,3,2,2,2,1
qdp6ui,3.23,3,CS,5,2,2,4,3
waj5th,4,2,SYS,1,1,4,2,3
wpw3vn,2.45,1,MSE,0,1,2,3,4
zao5ch,3.47,3,CHE,2,5,4,1,4
vle6cp,2.55,1,CS,3,3,0,2,5
hpo8rt,3.01,1,CS,1,4,0,5,0
atv6rd,3.64,2,SYS,4,1,3,1,5
rwz1mg,3.23,4,CS,3,4,4,4,1
wut8bw,2.77,1,ECE,1,0,4,1,5
nkz8zc,2.91,3,CS,0,1,1,2,4
cvy6xp,3.47,4,CS,0,1,1,2,5
lew7gg,2.91,4,CS,3,3,3,5,2
gfj8jx,3.29,1,CS,3,5,0,0,0
hok7do,3.22,1,CHE,5,4,5,5,4
ind8wa,2.94,3,MSE,2,1,1,2,3
cql5vq,4,1,CPE,1,1,2,1,5
yab2bd,3.45,3,CS,3,3,0,5,4
zjw6lf,2.39,1,CS,2,3,5,5,3
ryx1az,3.27,1,MSE,5,5,2,0,3
bsp2yx,2.94,4,CHE,2,4,4,2,1
azi9sk,3.54,3,CS,3,0,0,2,1
nho3pg,2.88,1,CS,0,5,3,4,4
ssv3ro,3.15,4,MSE,1,0,4,0,4
fij3yq,3.4,4,CS,1,2,4,4,2
duh5so,3.55,2,CPE,0,1,2,4,0
can9bk,2.72,3,MAE,3,4,4,4,0
mda0rt,3.07,1,ECE,1,5,1,3,4
kee8or,3.01,2,CHE,3,1,0,4,1
bpd2co,2.94,2,CHE,5,4,1,5,5
bbd8df,3.91,3,CHE,3,4,2,1,2
wuf7ws,3.36,3,MSE,2,4,5,5,0
zfw7cz,2.7,2,CPE,0,1,2,5,4
mlu7oe,3.57,1,MAE,3,5,0,2,1
auc7cp,4,3,MAE,5,3,4,3,1
xfk7qn,3.61,2,CS,4,1,3,4,1
npe4hg,2.59,2,CS,0,4,2,2,5
khe4fl,3.01,2,CS,1,5,0,0,3
lez5sv,3.71,2,MSE,2,2,3,0,5
yax6qu,2.92,2,CS,1,0,4,2,1
pel9cp,3.38,4,ECE,5,4,5,1,4
egd5no,3.51,4,CHE,5,2,2,2,2
wjz2yc,2.83,3,MSE,1,3,5,2,5
nha1ri,3.18,2,MAE,0,4,0,3,4
ron7sk,1.9,1,CS,1,2,5,0,1
jms6io,2.79,1,ECE,3,4,5,0,2
uph0oh,3.1,2,MAE,1,1,0,4,0
jpd7tn,2.7,2,CS,2,5,0,5,0
hrg5rq,3.85,4,ECE,2,2,2,2,4
flc2pj,2.63,1,CHE,4,5,5,2,2
dtp2pv,3.02,2,CS,2,1,3,1,4
ids4oe,3.25,3,MAE,1,1,0,0,2
cqo0kv,3.78,1,ECE,2,5,4,1,2
awu3ib,2.63,1,CS,0,2,5,3,4
umd3sp,3.67,3,CS,2,5,0,4,2
ols0tf,3.2,4,CHE,3,5,3,1,5
pli4mk,2.81,2,CS,0,0,2,0,1
gru8bx,3.38,2,CS,4,2,5,3,2
zzb0vr,3.28,2,CS,3,0,0,2,5
kkg2cp,2.96,3,CS,1,4,0,3,2
yoi9sd,3.23,2,ECE,1,5,4,5,5
skc0ze,3.05,1,CS,1,4,4,1,4
fzt5aw,3.25,3,CS,3,2,5,0,0
tze8ua,3.46,3,CHE,3,5,0,1,3
rsh0iz,3.83,1,CPE,3,4,5,2,2
isi7yl,2.7,1,ECE,0,3,0,2,3
wdi7ek,4,1,SYS,5,1,4,0,2
jgj8bu,2.42,3,MAE,0,5,3,5,4
huq2lw,3.14,3,CPE,1,1,1,4,4
rmf1tj,3.44,3,ECE,5,0,1,3,5
mbf5qr,3.31,1,ECE,2,4,0,3,2
iuw8ov,2.95,1,SYS,1,0,4,2,4
jui3yn,3.12,2,MSE,4,5,2,1,4
add8hq,3,4,CS,0,1,2,1,2
kbh2fo,2.96,1,CS,3,1,1,5,5
nbm1st,3.54,3,CS,0,4,3,4,5
yye9sb,3.34,4,CS,3,5,1,1,5
auv0po,2.92,4,CPE,5,3,0,3,5
jhv7rk,3.56,2,MAE,4,3,3,1,0
yws5fo,3.32,1,CS,5,4,2,4,2
gaa7ro,3.53,4,CS,4,5,4,3,0
pvw2xf,3.45,3,CS,0,4,4,1,4
qcm4el,2.87,4,MSE,3,5,0,3,0
gnf8zz,2.98,4,SYS,5,0,1,2,5
dsa5ae,3.5,3,CHE,4,4,0,2,4
ukn3we,3.44,1,CHE,1,5,4,5,0
bhx8po,3.19,1,ECE,1,3,2,2,0
hry2gx,3.25,2,MAE,5,5,4,1,2
rdd0lj,3.71,4,MAE,3,5,3,4,0
ruj3wq,2.96,3,MSE,5,4,5,3,4
rhz5fd,3.42,2,CS,0,0,4,0,5
syv7qr,3.12,4,CS,4,0,4,2,2
byu0pu,3.11,1,CS,0,0,5,2,0
ipv6mf,3.64,3,ECE,1,0,3,0,2
qqt9vw,3.53,1,MSE,4,2,1,0,3
rhs9wi,3.53,4,ECE,5,4,4,1,2
vbp0ra,3.72,1,ECE,0,1,0,3,5
kbt1xa,3.21,3,ECE,2,4,4,2,3
fkm0pt,3.47,2,CS,3,2,0,4,3
grs0ku,3.08,2,CS,3,0,3,1,2
mjy5om,3.33,2,SYS,2,2,4,1,4
lyy9mj,3.15,2,ECE,1,3,3,4,5
bmx0qv,3.24,2,CS,4,3,3,4,4
uzh7uw,3.44,3,CS,3,4,1,5,5
xcp8ke,2.87,3,CS,2,4,4,4,5
gbg1sb,4,1,CS,5,1,0,0,4
dcn5jn,2.8,1,ECE,2,1,0,2,1
jip3pf,2.71,2,ECE,1,3,4,5,3
udj5tp,3.66,1,ECE,1,0,5,0,2
xcb9ym,3.52,2,CHE,0,2,1,5,4
bso9ei,3.45,3,CS,3,1,1,2,4
ody7oe,3.45,1,CS,0,5,1,5,2
fdt7dx,3.2,2,ECE,2,1,0,0,3
nle8yb,2.84,2,CHE,4,0,3,3,2
lxb1nh,3.23,4,CS,4,0,5,2,5
boz8zm,2.93,3,CHE,1,4,1,1,1
zpr8zq,3.59,1,CS,4,2,0,2,5
blp2ee,3.14,4,CS,4,0,0,2,1
prz7ia,2.87,2,MAE,4,1,3,2,2
hit1aq,3.07,2,CS,2,1,4,3,5
wze5ra,3.37,4,CS,4,3,4,0,3
gob9ez,2.97,4,ECE,5,0,1,1,5
fjj7wv,2.87,3,ECE,4,5,1,0,4
nrc0qx,3.3,1,ECE,4,4,5,5,1
dru0zi,3.3,4,ECE,0,2,3,5,1
lmg7on,3,1,CS,2,5,1,5,3
xgz7wm,3.01,1,CS,1,4,3,0,1
xmi5yn,3.29,2,CPE,0,1,0,4,1
zaq3ei,2.62,1,ECE,3,5,1,3,3
fjo7km,2.64,1,CS,2,4,0,4,5
dia5fo,2.91,4,CS,5,1,2,5,2
vry9st,3.11,1,CS,2,1,3,3,5
rvp4vj,3.32,4,CPE,3,1,2,0,4
wsv6yz,3.79,2,CS,3,1,1,5,4
qeq0uq,3.54,4,CS,3,1,0,0,1
xys4vj,3.14,3,ECE,1,3,1,3,4
fxm0ct,3.19,1,CS,4,5,2,0,2
jzb0at,2.8,3,ECE,2,4,1,0,1
zdy5pj,3.19,4,SYS,4,3,5,1,4
joy7nj,3.08,2,ECE,4,3,4,4,0
ylv2ft,3.33,1,MAE,5,0,2,4,0
mzu0dh,2.87,3,MAE,3,0,1,4,0
nvc2tx,3.41,3,CHE,1,0,0,2,0
wmd7hj,3.81,3,ECE,5,2,1,1,5
uaw6sx,3.16,1,MAE,0,0,0,5,0
mgc4vd,3.36,1,CS,1,4,4,5,1
uro5ct,3.48,1,MAE,4,3,1,5,3
kql3lj,3.04,1,SYS,1,4,4,4,5
omr1da,3.29,4,CHE,3,5,2,4,3
upk6am,3.21,1,MSE,0,0,0,1,1
vil6mu,3.24,3,CS,3,2,5,0,1
pln9fo,2.89,1,CS,0,5,2,4,2
yje9zm,3.21,3,ECE,5,2,0,5,5
nxq9fu,3.4,3,CS,4,5,4,0,3
nmo7vj,3.78,3,CS,0,3,3,4,0
gsz4df,3.58,1,MAE,0,4,1,3,1
tib3vu,4,1,MAE,0,1,4,2,0
xmq8mt,2.89,4,CS,1,4,0,4,3
pts5kz,3.55,2,SYS,5,0,0,3,5
klk0ij,3.27,1,MSE,1,1,0,1,4
snp4cj,4,1,MAE,4,2,0,3,4
zvt6kg,2.88,4,CPE,0,3,1,1,1
dis0tc,2.86,3,ECE,5,3,2,4,2
keq6kt,2.96,1,CHE,5,2,5,1,0
yyi2fx,2.35,3,CS,2,0,3,3,1
axu1kp,2.99,2,ECE,4,2,1,2,2
dcq7ip,2.9,3,MAE,5,5,0,0,0
jlg7fv,3.26,3,CPE,0,0,1,0,3
fuo1fm,3.34,4,CS,0,1,4,2,4
gkk5ae,3.95,1,CHE,5,2,5,5,2
bkw9ry,3.58,1,CS,1,0,0,0,0
ljr5iy,2.97,3,MSE,4,1,3,4,1
ocx1vf,2.84,1,CS,0,2,0,5,0
fea9yb,3.4,4,MAE,5,3,5,4,1
uwr3gd,2.67,3,CS,0,2,3,3,4
ztb3vp,3.93,2,CS,5,4,5,3,4
gjs3zi,3.67,1,CHE,4,2,3,5,0
nlk5oa,3.01,2,ECE,5,4,2,5,0
qsx1ng,2.51,3,CS,2,1,2,5,1
tng1zh,3.74,1,CHE,5,2,1,5,1
uaj3it,3.15,3,CS,5,1,1,1,2
edp5as,3.7,4,MAE,4,1,3,5,2
jqq1xm,2.56,4,MSE,5,0,0,5,2
stl0hv,2.96,2,CS,4,1,4,3,0
odg6qy,3.2,2,CPE,2,1,4,4,5
zbq3mw,3.22,2,CS,4,2,0,3,5
lcs2al,3.02,1,CS,0,2,0,0,5
dgx4yg,3.45,2,CS,4,3,2,1,5
vol5fh,2.77,3,ECE,2,0,4,1,2
goc2iv,3.14,1,CHE,3,1,3,4,0
dlp8px,3.25,3,CHE,5,0,5,5,5
uru6xh,3.41,1,CS,4,4,1,3,4
vpt3zs,3.48,2,CHE,5,1,5,0,3
opv0ib,2.75,3,MAE,1,0,2,3,4
ycu0ar,2.59,2,CS,0,3,4,5,0
bjw0hk,3.71,4,CS,0,3,0,5,0
amj0lk,3.33,4,CS,1,1,4,2,3
yud7lk,2.9,3,ECE,1,4,3,3,1
dyj1sh,3.82,1,CS,4,3,2,4,1
hmt3jd,3.25,2,CS,1,3,0,3,1
smc7rr,3.67,1,CS,3,4,5,1,2
yxj2sl,3.23,2,CS,5,0,3,0,1
gsl7bj,4,2,MSE,5,3,5,4,2
rvq9tr,3.9,2,CS,2,2,1,2,2
srq8ch,3.1,4,CS,1,5,2,0,1
qak0sd,3.59,2,MSE,1,5,3,0,1
mnu6js,3.46,4,CHE,3,3,3,1,3
ysh7gp,3.75,3,CHE,0,0,5,1,5
pnt9bp,2.81,3,CS,0,0,0,1,3
shx1gp,3.47,2,MSE,5,1,1,4,2
pue4ip,3.62,2,CS,5,2,5,3,3
kup0xu,2.5,3,MSE,4,0,3,0,2
hqb4xn,2.73,2,CS,3,4,2,3,0
nxr2pe,2.38,1,CS,2,2,3,3,2
upt5ow,3.09,2,CS,2,5,4,1,2
fqj0cc,3.49,3,CHE,3,2,2,3,3
zfq7ky,3.8,1,CS,2,4,2,0,5
klm7jf,3.23,3,CS,0,3,3,0,0
mcj2ey,3.85,1,CPE,2,4,0,5,4
ieg2du,2.65,1,MAE,2,4,2,2,4
nqy5nh,2.52,1,CS,3,3,4,4,5
gmo7ko,3.18,4,CS,3,3,5,3,4
wwg1ps,3.35,3,ECE,2,3,0,4,0
ivd5zr,3.19,2,CS,1,3,0,4,1
llq6cn,2.37,1,CS,3,3,0,4,0
jko4dx,3.16,2,MSE,4,4,2,5,3
bhk3im,2.68,3,CS,4,1,0,4,2
pxc1zm,3.47,3,MSE,0,1,3,5,2
bph5xy,3.35,4,ECE,2,0,0,0,3
zfy2fv,2.82,1,SYS,1,1,4,3,3
psk9he,2.99,1,ECE,0,5,1,5,2
bvi1sz,2.78,1,ECE,2,1,4,2,5
krr7rw,3.17,2,CS,3,4,2,4,1
xij1ej,3.58,3,CPE,4,3,0,2,1
zay6ws,2.81,2,CS,5,3,0,0,1
jxz6cr,3.4,3,CS,1,4,3,0,3
jne0nq,2.99,1,CS,5,5,5,1,2
jai8er,2.88,1,CS,4,1,0,4,5
fts3fh,3.16,1,MSE,5,4,4,1,2
dee4cq,2.79,3,ECE,3,0,2,2,2
lji0mj,2.98,1,CHE,2,3,1,3,5
eve2ag,2.72,1,CS,3,2,0,1,0
drf6rs,3.99,3,CHE,5,0,1,0,5
gas0it,3.21,2,CHE,3,5,0,4,0
qft3eg,2.92,2,MSE,4,0,2,2,4
ioe0eg,3.29,4,CS,1,4,5,5,0
fvh2to,3.16,3,CS,3,1,4,0,1
qai1dk,3.11,2,SYS,4,3,2,5,1
zwy2vb,3.45,2,CS,1,5,1,3,5
zrz6ak,3.5,3,CS,2,5,0,4,1
ozr7rt,2.99,2,MAE,5,2,1,3,1
cok0ig,2.97,3,CS,2,0,4,3,4
iqv4zx,3.09,4,CS,0,2,2,4,1
pni7mv,2.28,2,CS,4,1,1,4,3
ywp5dk,2.59,4,CS,1,1,1,5,3
dyf1ts,3.75,1,CS,3,2,4,3,3
nzt3ly,3.86,1,ECE,2,3,0,2,0
jbl0bb,3.1,1,ECE,1,1,1,5,5
ioh6ix,3.43,2,MAE,4,2,4,4,5
veb7um,3.32,1,CPE,0,0,0,0,2
zbj3rj,4,3,MAE,2,2,5,5,4
evi9fz,3.65,1,CPE,5,2,0,1,3
lxg9ze,3.15,1,ECE,1,4,5,2,3
ewy7kt,2.82,3,CPE,5,1,2,5,1
qcc3jr,2.56,2,CHE,1,3,4,4,3
tnu9wn,3.28,1,SYS,1,3,0,4,1
dgp0gw,2.9,3,CHE,4,4,5,2,1
aqw6os,2.63,1,CPE,4,5,5,1,2
cay9ou,2.94,1,SYS,4,3,2,5,0
kmq5iv,2.77,2,CS,3,2,3,5,1
mxa2zh,3.87,2,CS,1,4,4,3,1
yhm2pk,3.55,3,ECE,2,0,3,0,5
oof8pn,3.2,3,CHE,5,1,0,4,2
rqi4ss,3.79,1,SYS,4,1,4,5,1
akd6ws,3.23,3,CS,4,1,2,5,4
yyk9ap,2.86,1,CS,5,2,0,5,0
xdr2fi,3.81,3,CHE,5,0,4,1,4
ipp9re,3.42,2,CS,1,4,4,0,3
hso9pe,2.79,2,CS,4,4,3,5,0
bzc4ax,3.12,4,ECE,5,1,0,2,3
bzj9la,2.85,3,MAE,3,0,2,4,5
hkl6gx,2.65,1,ECE,3,0,2,3,1
vzv0wp,3.57,2,CS,4,0,0,2,2
vbp8ip,3.96,3,CS,5,3,0,4,4
zkk9ra,2.64,1,CS,1,3,5,1,3
xqx8ps,3.43,1,SYS,1,1,1,0,1
jmg5yl,2.94,1,CPE,1,0,3,0,4
yxd2xo,3.01,4,CS,0,5,0,4,4
tuh7ho,2.96,4,SYS,4,0,0,2,5
gup1gk,2.85,3,MSE,1,4,1,3,5
lzw9zt,3.22,2,CS,3,4,1,1,3
ljn3bj,2.87,4,CS,5,1,4,4,1
ugm9lg,3.31,1,CS,2,5,2,1,2
xhn2ps,3.18,4,ECE,2,0,3,0,3
ybp7dj,3.1,4,SYS,1,5,4,5,4
coe2it,2.84,2,ECE,2,1,0,5,4
ezg1pi,2.97,1,CPE,2,4,1,3,0
knl2il,3.5,4,CS,0,4,5,1,1
glp4vz,3.4,3,MSE,3,3,2,4,0
fkn6uu,2.81,1,ECE,3,1,4,3,5
hrk2gr,3.24,2,CS,0,1,5,2,2
pts3cb,3.5,2,SYS,0,0,2,5,3
avq9go,2.53,1,ECE,2,0,5,4,4
azd3xd,3.42,2,CS,4,3,1,1,1
uce8lk,2.93,4,SYS,5,2,4,3,4
wzg6fs,3.43,4,SYS,5,5,4,4,5
svp7wl,2.89,3,CS,2,2,2,3,0
jfp4ub,2.48,4,SYS,5,2,5,3,0
pdm4vr,2.55,1,ECE,0,1,1,3,3
env4qj,3.22,3,CS,3,5,0,1,1
eoh6cq,3.3,3,MSE,5,1,4,4,5
kik7fr,2.84,4,SYS,2,5,0,0,1
ute1im,3.46,2,CS,4,4,1,0,3
tge1eu,2.54,1,CS,2,1,4,1,5
upa8yu,3.17,4,CS,1,1,4,1,5
xao4ng,2.72,3,CS,2,1,5,5,0
jqi0cx,2.94,1,CHE,0,3,0,3,0
htl6ij,3.22,4,ECE,3,1,5,4,0
tlk8nd,2.86,1,MAE,3,0,3,4,4
opm0me,3.05,4,ECE,5,0,0,2,2
mtd5zu,3.6,2,CHE,0,5,0,2,0
cwq2yt,2.97,2,ECE,1,4,3,0,2
vss1kx,3.53,3,CS,0,3,1,2,2
aal6vk,2.75,2,ECE,2,5,1,2,1
bnf1dr,3.41,3,SYS,0,0,4,0,3
mbx3oj,3.78,2,CS,0,3,2,5,4
ipb4ot,2.21,1,CPE,1,3,5,0,2
aza2ma,2.88,1,ECE,2,4,2,2,4
pcg4jy,3.43,2,CS,4,3,4,4,1
imo9qw,3.12,2,MAE,4,1,2,2,0
kkt8kk,3.35,3,ECE,3,3,0,3,5
kfh8of,2.96,1,CS,5,4,0,3,2
rtn8yf,3.23,1,CS,0,5,3,3,3
wsw9gg,3.14,4,ECE,3,4,3,5,5
zmk8yw,3.67,2,CPE,1,4,4,1,1
itj0jz,3.3,3,MAE,4,0,4,3,4
udw1pi,3.34,3,ECE,0,1,4,4,0
hdl0gd,3.04,1,SYS,1,0,0,5,4
maz6fu,3,2,MAE,5,5,2,1,3
gwl3ov,3.03,4,MAE,1,2,5,1,2
tpi4jo,3.36,3,CS,0,5,4,3,3
fvg0qh,3.03,4,ECE,5,1,4,2,4
klg7sn,3.32,3,CHE,1,3,0,0,4
wwf8vt,4,4,MSE,5,4,5,2,5
kak7op,3.55,1,CS,0,2,0,2,3
ned0qe,3.07,1,CPE,0,1,5,1,3
ltg7cu,3.68,2,CS,5,0,0,1,3
gud7ml,3.04,1,MSE,2,4,2,5,0
sup6mn,2.38,4,CS,3,5,4,5,4
pfb5jw,2.8,1,CS,1,0,1,1,1
owp7hu,2.45,2,CPE,1,1,1,4,0
bzq7mn,3.06,4,CS,2,1,4,4,0
qfa3zw,3.21,4,ECE,2,5,4,0,0
cfa5qg,3.87,1,CS,2,2,4,1,5
ddl2fi,3.33,4,SYS,4,5,4,3,1
ihx8rf,3.11,1,SYS,4,3,5,5,3
lwh3sk,3.53,3,ECE,5,0,2,1,5
yva0gk,2.32,2,MAE,4,2,1,4,4
bsp8vp,3.29,3,CPE,0,4,3,1,2
ggz2jt,3.51,1,CPE,5,3,1,4,5
wem3wx,2.61,1,CS,1,2,1,1,2
zme1tr,3.66,3,ECE,3,0,0,3,4
ofm4ft,3.34,1,CS,0,1,4,0,1
wms6kq,3.03,1,MAE,1,4,4,3,2
jrf6td,3.45,2,CPE,1,5,4,4,0
bdv8sq,4,2,CS,5,0,0,5,5
lnr5aj,3.27,1,CS,2,3,2,5,2
pxm3hc,3.3,1,CPE,2,3,2,2,4
hue6kk,3.02,1,CPE,0,1,3,3,0
omc0zn,2.86,1,ECE,2,1,2,1,2
ffv6ur,3.53,3,CS,1,4,2,0,4
qeh7fh,2.86,3,MAE,2,5,4,1,1
iai9vo,3.23,2,MAE,4,4,5,1,4
fpm0rc,3.01,4,CPE,2,1,1,3,1
lqz9fw,3.39,2,CS,1,1,2,0,0
nly0nk,3.33,1,CS,5,3,2,2,4
qgo1hh,3.62,1,SYS,0,1,0,1,3
vle7fl,3,4,ECE,3,2,3,0,5
qjz0zb,3.09,4,ECE,2,0,5,2,3
xib4sr,2.81,4,CS,1,1,0,1,3
vgt9fc,3.02,1,ECE,3,4,4,0,3
phw8ba,3.35,3,SYS,3,5,1,3,5
icj5ex,3.5,2,CHE,4,5,3,5,3
dlv5zq,2.83,3,CPE,3,5,0,5,1
cgo2al,3.55,1,MSE,5,2,2,1,4
xtv1fr,3.74,3,CPE,1,4,2,1,0
jac8no,3.37,1,MAE,1,2,3,0,3
gid7fo,3.95,4,CS,2,1,2,5,3
icl5fo,2.89,1,CPE,2,0,0,1,0
rou7sd,2.7,1,CS,2,5,0,2,0
ncn1bi,2.49,3,MAE,5,4,2,1,3
svi4lk,3.8,4,MSE,3,5,2,5,1
pfy1jg,3.46,4,CS,3,2,4,4,0
jdy0ox,3.18,4,ECE,4,3,1,5,4
ccy0lr,3.31,2,SYS,5,1,3,2,4
chq1jh,2.75,4,ECE,2,0,0,0,1
zwt8cl,4,3,MAE,0,1,3,2,5
lrz1fm,3.25,1,SYS,4,3,4,4,2
ohb6lh,3.24,3,ECE,0,0,0,4,1
goj6ar,3.49,4,CS,3,3,4,1,3
sgg5ob,3.39,2,CS,4,1,4,1,2
adw2sb,3.29,2,CHE,4,2,5,5,3
hpg4er,2.88,3,CS,1,1,2,3,4
gov2ap,3.39,1,MAE,3,1,5,2,0
ats2nk,3.95,1,CS,3,1,3,5,3
pzf4ml,3.74,3,CS,5,4,3,3,4
qpu9hz,3.84,2,CPE,4,3,2,5,1
hrm4bk,3,1,MAE,3,3,5,4,3
fww4at,2.8,4,CS,4,5,3,1,4
xdu4gy,3.15,3,CPE,5,3,5,1,0
gfo3ud,3.22,3,CS,5,5,2,5,3
krl4eb,3.64,4,MSE,1,4,0,1,5
ozr3ym,2.52,2,CS,4,2,4,0,4
rus9in,3.81,1,ECE,3,5,4,5,3
ufs5kj,3.14,3,CPE,3,1,5,4,0
dyo9pq,3.03,2,CS,4,2,3,5,3
ldt0jw,2.8,3,SYS,4,4,5,5,3
gmd9jm,2.54,1,CHE,4,3,5,1,5
mag5mb,3.53,3,CS,2,5,1,4,4
bhm9vy,3.23,3,CS,3,1,4,5,2
knp6km,2.68,3,CS,5,0,2,1,3
ghu2js,2.68,3,CS,3,0,5,2,2
hvb5za,3.07,1,CPE,2,2,1,4,1
hic7ws,3.87,1,CS,4,3,1,3,3
iza9hi,3.1,2,CPE,1,0,4,0,2
jjy3do,2.6,1,ECE,4,2,4,3,1
sgx2bb,3.1,1,CS,4,4,4,4,5
ceb3ja,3.09,2,CS,2,2,2,5,4
cel9uf,2.12,1,CS,3,2,1,1,3
gwj1li,3.18,4,CS,4,2,3,4,4
arl6kc,3.11,2,MAE,3,1,2,0,1
vph2dz,3.48,1,ECE,0,2,0,4,4
grb9yt,3.94,2,CHE,5,5,5,1,4
sfg9ut,3.65,1,ECE,3,2,4,3,0
msb9aa,3.09,1,MSE,1,1,1,2,1
nfn6pe,2.76,2,CS,5,1,5,3,4
ptp1qv,4,2,MAE,1,4,2,1,2
vwe1mt,3.22,2,CHE,4,3,0,1,1
koi7ur,3.21,2,CS,5,0,2,0,0
mwj8fj,3.19,1,CPE,3,0,2,4,3
ank5hu,3.28,1,CHE,5,2,3,4,5
ptz6dw,3.14,2,SYS,4,4,5,3,4
klc3jj,2.97,1,SYS,2,2,3,2,2
qto1wn,2.98,1,MAE,1,0,2,2,0
bfr6tk,3.19,3,CS,4,1,0,0,1
bqz7pm,2.98,4,CS,2,3,1,1,5
elk1gn,2.91,2,CPE,5,4,1,0,5
oii5yx,3.24,4,CS,5,1,5,4,4
ceb3rt,3.1,3,CS,4,3,4,5,0
mhk6cv,3.8,1,MAE,3,4,4,5,0
aqo1yo,2.14,4,MAE,5,4,1,5,2
gxr4fw,3.64,2,MAE,3,0,2,1,3
ypk8mg,3.7,2,MAE,3,1,2,0,3
wrg9qs,2.37,1,CS,3,4,3,3,3
mqp6xz,3.06,1,CS,0,5,5,4,5
qqt8uc,3.05,4,ECE,2,4,3,5,5
wad7ra,2.64,4,MAE,2,3,4,2,1
xye0bc,2.89,3,CS,5,0,1,0,5
xop2eu,2.76,4,CHE,5,2,2,4,5
dfs5yt,3.9,3,CS,3,0,1,4,0
uga8fr,3.57,3,MSE,0,2,0,2,1
qez9uf,3.71,2,CS,3,1,1,2,0
yiq9xo,3.49,4,CS,0,1,0,2,2
awy1bj,2.75,2,CPE,3,4,3,5,2
jzu5fs,2.99,1,CS,1,5,3,5,1
hme2is,3.4,4,ECE,1,1,4,0,1
njn8ym,2.71,3,MAE,4,4,1,2,5
lcm0hp,3.49,3,ECE,3,0,1,3,2
gkb3gh,3.1,1,MAE,5,1,0,4,4
hvm4sc,3.05,4,ECE,2,0,3,2,3
wou4rk,3.48,4,CS,4,0,0,4,5
xjc9px,3.38,3,CPE,5,5,3,1,3
hxt0iw,3.06,1,CHE,1,1,0,1,2
cli3ox,3.66,1,CS,3,0,3,2,3
jdj0kj,2.77,4,MAE,4,5,0,4,4
kan8vi,3.45,2,CPE,3,5,3,1,4
ksm6tv,3.44,3,CS,1,1,5,2,0
wds8it,3.08,3,CS,4,5,0,4,1
tge0mj,3.33,4,CS,1,1,1,2,3
mkc6jk,2.7,3,CS,0,1,4,5,4
xgp9vo,3.57,3,MSE,1,2,5,4,1
uky3ng,3.13,4,CS,3,0,5,1,1
qlm8cw,2.99,3,CS,2,3,0,2,0
kqr0vm,3.62,3,CS,1,1,4,1,1
jrc9tw,2.92,3,CS,5,0,1,2,1
cqc1jh,2.64,2,ECE,2,5,5,0,5
dnq8mm,2.58,2,CS,0,4,1,1,2
mut5um,3.44,3,SYS,4,1,3,1,0
flr1dn,2.69,1,ECE,4,5,4,3,0
xiq6ds,3.9,1,ECE,2,5,2,5,3
cah9dl,2.37,3,CPE,4,5,3,1,1
zsb5nn,3.88,2,CS,1,5,4,4,3
xrx5fy,3.28,3,CS,2,5,0,2,5
miz0dz,3.16,4,ECE,3,1,0,0,4
wlk0gv,2.98,1,SYS,1,3,1,4,1
wrw2lc,3.36,2,SYS,1,2,5,4,4
elb8bt,3.18,4,MAE,1,5,2,4,2
qdn4na,3.64,3,CS,3,5,0,4,5
emo2fv,3.25,1,SYS,0,2,4,0,1
bmf0ik,3.26,1,CS,5,1,5,3,3
cda6ls,3.05,1,CS,4,0,5,5,3
bzt8an,3.18,4,CS,2,4,4,1,1
qnf8af,3.32,1,MSE,0,4,5,4,3
gcy2xf,2.52,1,CHE,2,0,0,1,1
clp7hx,2.66,4,MAE,4,1,4,1,0
ucy8nk,3.5,1,CPE,3,4,4,4,3
qkr8al,3.27,4,CPE,1,2,1,3,1
nun9sy,3.13,4,MSE,1,0,2,1,1
jii0nf,3.21,1,SYS,3,3,1,2,3
glz2ao,3.34,2,CS,0,1,2,1,0
yyk4sa,2.98,2,CPE,0,0,4,5,3
dra3ys,2.89,1,SYS,2,4,5,4,1
det8cx,3.28,4,ECE,3,1,2,0,0
jqa3pd,2.81,3,MAE,0,2,4,1,4
vdw3ce,3.36,4,CS,3,1,4,3,2
nlv7hn,2.52,1,MAE,4,1,1,2,3
ssz2nc,3.61,4,CS,1,2,1,2,5
ycc5go,3.39,4,CS,1,5,5,0,1
fyg2fp,3.3,3,CS,1,2,3,5,0
rzp0pg,3.59,2,ECE,3,1,0,0,0
nar8ea,3.87,1,CHE,3,2,3,5,4
qav5gn,3.61,3,CS,2,5,3,1,3
rsv5kt,2.46,4,MAE,1,0,5,4,5
ooy2ax,2.69,1,CPE,2,2,2,3,0
bmi9tv,2.95,4,CPE,1,2,5,2,4
hhg0qf,3.21,3,CS,2,1,5,0,1
tdo4nk,3.41,4,MSE,2,0,4,3,4
ihv5ht,2.91,3,SYS,4,3,4,5,3
pcp5iu,3.27,2,ECE,2,3,4,4,4
sht6hx,2.9,3,CHE,3,4,0,2,0
tra4mr,2.96,2,CS,2,2,2,2,0
zsa3fc,2.64,1,CPE,1,2,2,5,2
iaz8fe,2.83,4,CS,2,0,4,4,4
yiq0wx,2.66,2,CS,0,5,3,2,1
lgu0dp,2.81,3,MSE,5,3,0,4,5
oeo1rg,3.62,4,CS,1,4,3,2,5
los3sx,2.82,3,ECE,0,0,1,1,3
nnb2su,4,1,CS,1,2,2,5,2
ihb1jw,3.4,2,CS,3,3,2,4,4
tzq5nx,3.27,1,CHE,5,4,3,3,1
siq6an,2.86,4,SYS,5,1,0,1,2
rpj3xn,3.48,2,CS,3,3,2,3,0
cmu3mq,2.97,3,MSE,5,4,3,5,3
mgf3mm,3.25,2,CS,3,0,5,2,4
jac0oi,4,3,CS,0,1,5,3,5
dwb7ps,3.16,2,ECE,4,4,0,1,1
mru2ex,3.66,3,CS,1,4,3,4,0
amx1xe,2.92,2,SYS,3,2,5,0,2
nlj1ux,3.19,1,MAE,1,5,0,3,3
ufz9nj,3.91,1,CS,0,3,4,0,2
pql4bp,2.95,2,CS,4,2,0,5,5
hto8zz,3.92,3,MAE,0,1,1,3,2
xci1wz,3.48,3,CS,5,5,4,3,1
xli2um,2.98,2,CHE,1,4,3,4,0
wbw8nl,3.45,4,CS,4,2,4,2,4
gyd0eo,3.59,3,MAE,5,5,4,1,1
juo0jm,3.45,4,CHE,4,3,3,1,5
tur3qd,2.57,1,MAE,5,1,3,1,3
wgi8ym,2.91,3,CS,0,0,5,5,5
wkg5nk,3.1,2,CHE,3,2,1,2,5
zwc0sk,3.17,3,MAE,1,1,3,0,2
gzs2ha,3.45,1,CS,2,0,2,1,3
yuw7qw,3.27,3,CHE,2,2,2,0,1
ypb6fi,2.67,4,MAE,0,1,1,2,5
lpp5mt,3.35,1,CS,1,1,0,5,1
uqz0tz,3.44,3,MSE,1,5,0,2,4
dzg5qt,3.42,3,CS,0,2,2,4,2
sgn9sl,3.63,3,MSE,1,1,3,1,1
fyo9yi,3.53,2,MAE,3,4,1,5,3
twc0gq,3.38,2,MSE,0,2,0,4,5
rcm6hq,3.17,3,MAE,3,1,0,1,4
bcv8ie,2.54,2,ECE,1,5,4,2,3
rrx7cr,3.37,2,SYS,0,0,2,2,2
piy1zc,3.28,2,CPE,1,0,3,3,4
oqz7cw,3.31,1,MSE,0,4,1,3,4
nfp0wi,2.69,1,MSE,1,2,0,2,4
eoc8ey,2.77,3,MSE,3,5,4,2,5
cce0ty,3.62,4,ECE,3,1,2,0,0
hqn4io,3.18,3,MAE,1,1,2,0,4
qvn3dt,3.47,2,CPE,0,0,1,4,3
oha3lg,3.21,3,CPE,2,5,0,3,3
oao5un,3.21,1,MSE,3,4,1,3,2
tbn2my,3.58,1,MAE,3,0,1,2,1
skt1yg,2.99,2,CS,5,0,5,2,1
ugv8fu,3.24,4,CS,2,4,4,4,0
pqk8hs,3.02,3,CS,1,2,2,5,5
qfk0hh,3.03,3,CS,0,1,5,5,5
gzo8mp,3.08,4,ECE,5,2,3,5,4
aob7pe,3.29,2,CS,1,5,2,3,0
llp8uw,3.01,2,CS,4,3,2,0,2
qrh9ws,3.7,4,MAE,3,3,4,5,2
ozk2ep,2.84,2,SYS,4,3,3,1,1
axd2wd,3.13,4,CPE,3,4,0,4,2
zly8xl,3.02,2,CPE,3,0,3,5,4
yzf2ot,3.78,1,CS,4,2,0,1,3
kaw0xt,3.28,2,MAE,4,1,3,5,2
nxj5ma,3.61,3,SYS,1,3,1,0,0
tsb5cf,2.61,1,CPE,5,2,3,0,4
tjq7de,3.31,2,MAE,5,3,5,5,2
ksn4wi,3.56,2,ECE,4,3,5,1,5
tcc8dc,3.23,4,CS,1,1,4,4,2
eib9ui,3.63,3,CS,5,5,0,1,5
qzb6ae,2.99,4,CS,1,5,2,4,4
szq6hh,3.76,1,CHE,1,5,4,5,2
djo1xo,4,2,CS,3,4,5,4,5
qzf2eu,3.05,2,CS,5,0,5,2,3
urb6gx,3.02,1,CHE,5,4,0,3,1
izl2lw,3.78,1,CS,3,2,5,3,4
zai4ax,3.83,4,CPE,4,4,5,0,5
eag8eu,2.99,1,CHE,3,2,0,2,0
wmn2rg,3.03,4,MSE,5,2,5,3,2
xok8ar,3.09,4,CPE,5,0,2,5,5
eru9pr,2.66,2,CS,4,1,1,4,5
ttl4mx,2.83,4,CHE,3,0,4,4,5
bhd7lb,2.8,4,MAE,0,5,2,1,1
omf4gj,2.89,1,MAE,0,5,2,1,0
awk5kd,3.19,1,SYS,4,4,1,4,0
wlx6gz,3.29,2,CPE,3,2,4,5,3
xmq8jp,3.82,2,MSE,3,3,2,4,1
kmq3rj,2.8,2,CS,1,3,5,1,5
dwf0df,3.59,2,SYS,5,2,1,3,4
qfg0xp,3.11,1,CS,2,0,4,0,1
xfn2in,3.18,2,CHE,4,1,3,1,1
lhf1pp,3.47,1,MSE,2,0,0,5,0
lrz0cn,2.75,3,ECE,2,2,5,3,3
zaf6ra,3.35,1,CS,4,2,1,3,3
yfb0og,3.27,2,CS,3,1,0,3,1
kmu8sx,3.4,1,ECE,4,4,3,2,1
lik8km,3.32,4,MAE,2,4,2,2,2
mhh2ac,4,1,ECE,5,1,2,3,5
qgs5ic,2.94,3,CHE,5,4,4,5,0
qaw9vh,2.99,4,SYS,5,3,1,4,5
vkz5tz,2.95,3,SYS,3,4,1,5,4
vru2cc,2.98,1,CPE,0,4,4,2,4
nqj9cl,2.95,1,CS,4,4,0,1,3
rha8ee,3.68,1,CPE,5,3,2,2,0
dvv9vt,3.77,3,SYS,4,4,2,4,5
zwn1zb,2.97,1,CS,5,5,1,0,3
zkp4gw,2.87,1,ECE,3,3,1,2,4
tpj4kl,3.39,1,ECE,0,1,4,5,1
ays7ff,2.98,3,MAE,0,0,3,5,0
jir9dm,3.45,1,CS,5,1,0,3,0
dnk0wo,3.28,1,ECE,3,0,5,3,5
dpf6zf,2.59,2,MSE,1,1,3,3,2
iqn6ck,3.82,2,MAE,4,5,3,0,5
gvw9ua,3.92,1,CS,4,0,1,4,1
yui6rx,2.95,3,CS,2,0,1,1,1
rin1ad,3.04,4,CS,3,2,1,5,3
ylh0st,3.31,3,CS,2,0,3,5,0
lia5ii,3.33,3,CS,5,0,0,4,3
vmp8od,3.46,1,CHE,2,2,1,0,1
ifv3or,4,3,ECE,0,4,2,3,2
ytp3qp,3.13,4,CS,4,4,0,4,0
wfk0qu,2.88,4,MAE,2,2,2,1,1
jbs1nt,2.65,1,CPE,0,3,0,3,2
zfj6cs,2.91,2,CS,3,0,1,1,5
yir6xe,3.19,1,CPE,2,0,5,2,4
zny4gx,3.92,1,MAE,5,2,4,1,1
fnr0vp,2.99,1,CS,5,2,1,3,4
kgo0ew,3.29,4,CS,5,3,3,2,3
oma0eh,3.19,2,CS,4,5,5,3,4
wvq9dv,3.68,1,CHE,2,4,3,5,1
ndk4xg,4,3,CPE,3,1,0,3,4
waj1ga,2.99,3,ECE,2,5,3,2,0
yym9dz,3,2,CS,4,4,5,1,1
mnm5so,3.62,1,CS,0,0,5,5,2
jmr0aw,3.47,2,CS,4,5,1,0,4
fmn1sw,3.94,3,CS,5,2,2,0,0
tgw1ok,3.43,2,ECE,0,3,1,0,3
jms4sv,3.06,3,CS,5,4,0,0,3
vdk3my,3.44,2,CS,1,3,3,4,4
zxe9no,3.64,1,ECE,4,4,2,0,3
gsd9qn,3.53,1,CS,4,5,4,2,2
wlt5qp,3.4,3,CHE,3,0,5,0,1
soc3aa,3.63,1,CS,2,1,2,3,0
uvx5es,3.67,1,CS,0,3,2,0,5
dal2ne,3.75,3,CHE,0,3,1,1,4
rcb6ks,3.46,3,CS,3,1,4,2,3
xup1ai,3.13,1,SYS,3,3,5,2,1
yhf2kl,3.26,1,CS,2,3,0,5,5
gmg3hx,3.68,3,ECE,5,4,0,4,2
ugh4oe,2.87,1,CPE,2,4,2,3,3
ilj5zv,3.35,2,CS,4,1,2,2,3
ayk8sv,3.04,3,CHE,5,0,3,1,0
yes0cu,3.21,2,MAE,1,5,4,0,2
aar9xm,3.71,2,CPE,2,5,5,2,2
nmd8nz,3.28,3,MSE,3,3,2,1,4
yjj2jk,3.22,1,MAE,5,0,3,0,5
xgo5qq,2.66,4,SYS,2,1,4,4,0
ucq3oa,3.5,2,SYS,0,1,5,2,4
amt0qw,3.46,3,CPE,1,4,0,2,0
rhz5pk,4,3,CS,4,3,3,1,2
tyy2ni,3.08,1,CS,0,2,4,5,0
ihb8cu,3.29,3,CPE,0,1,3,3,0
xhn8sg,3.3,3,MAE,1,3,2,4,0
iug7lj,3.83,3,CS,4,0,1,3,1
yni2rp,3.16,3,CS,3,4,0,2,1
tdj4oo,3.31,2,CS,5,5,2,3,5
aeo6ie,3.44,2,CS,4,0,2,0,5
ddf7eb,3.27,1,CS,2,1,4,4,2
iud0hs,3.02,4,MAE,0,1,3,3,0
ycu2ys,3.28,4,CS,2,0,0,0,2
zuu8eb,3.63,1,CS,3,1,2,1,1
ijc1bx,2.79,4,CS,2,3,4,3,0
sar2gl,3.25,2,CHE,4,1,0,4,4
skm7go,2.92,3,MSE,2,4,3,0,1
wlv7qm,3.68,2,CS,3,3,2,3,1
euv9uy,2.59,3,MAE,3,2,5,1,1
qfq2iz,2.98,4,CS,3,1,2,3,0
nrg1xs,3.35,4,MAE,4,1,2,0,5
zmt2kc,3.83,1,MAE,3,4,0,3,3
lxf2bf,3.17,1,CHE,0,4,0,4,4
jlh3lu,2.98,4,CS,3,5,0,2,4
aly6mg,3.95,1,SYS,2,0,0,0,2
ytm3mj,2.62,1,CS,5,0,4,0,0
pvy6rd,2.32,2,ECE,2,0,1,0,5
ule9qb,3.38,4,CPE,5,4,4,0,1
hlh6ln,3,2,CHE,2,0,2,3,3
nli8sb,2.79,4,SYS,4,0,4,4,0
cro5bh,3.48,2,SYS,2,2,3,1,0
nmu4qs,3.3,4,CPE,4,0,5,4,5
dzc2rr,2.97,3,MSE,4,1,0,0,3
usx0sj,2.69,1,SYS,3,5,3,5,1
sup1zu,3.55,4,CHE,0,4,5,3,0
mtf2lp,3.46,1,ECE,5,3,3,5,4
shh8gu,3.16,2,MSE,3,5,2,3,4
jfj7nq,3.94,2,CS,3,2,0,0,3
eqy2aw,2.77,1,ECE,4,4,3,3,1
chz5wy,2.59,2,CS,4,4,2,0,3
lzr9us,2.92,4,CS,5,1,0,4,0
cnx7zu,3.18,3,MAE,2,5,1,2,4
amv6ea,3.3,1,CHE,2,5,2,3,2
hdv1lt,3.1,4,MAE,3,0,4,0,3
dbh1im,3.34,1,MSE,1,1,0,5,2
ikv7gt,2.7,4,CS,1,0,3,0,2
oad1nu,3.78,4,CHE,2,0,5,5,5
lfg9so,3.17,4,CS,1,4,3,3,4
uoy2pc,3.65,2,CPE,2,5,4,1,3
szt4od,3.34,1,CS,4,0,4,5,2
waq5vh,3.38,2,CPE,3,2,3,0,0
kmy7aw,3.43,2,CS,0,2,5,3,5
nwt4sr,3.38,2,CS,3,5,0,0,1
vxi0et,3.46,4,SYS,2,2,2,1,5
pzl1jq,3.73,3,ECE,2,4,4,2,1
nnm9zh,3.28,1,MSE,3,1,4,1,4
kwq3ph,3.48,4,ECE,5,3,4,4,3
ywh5dw,3.16,1,MAE,2,0,5,3,3
wnx9xx,3.78,3,CS,1,3,1,1,1
mjv6cu,2.93,1,CS,1,1,5,2,0
jvw3af,3.92,2,MSE,2,1,0,0,1
rbn4gg,3.18,3,CS,2,4,0,3,1
nor8nf,2.63,1,CHE,5,2,0,5,3
qwc7wi,3.25,3,MAE,1,2,0,1,2
gck0wg,2.93,1,MAE,2,1,0,2,0
jov9xj,3.54,4,MAE,2,4,3,1,3
umc9cs,2.94,1,CS,5,4,4,4,5
kvq7wg,3.02,3,SYS,5,5,5,3,1
jpw6yj,2.44,1,CS,3,0,3,0,2
yeb4nx,3.02,2,MSE,5,2,5,2,0
qsl9oj,2.23,1,CS,0,1,1,1,4
npm2fb,2.57,3,ECE,1,5,2,3,0
bxx9la,3.5,3,CS,3,3,4,1,0
rwo3zw,3.51,3,CS,0,2,1,3,1
wjo4jn,3.37,3,CHE,2,0,3,4,1
vml5ey,2.81,2,CS,2,4,2,1,4
auf7ct,3.18,3,MAE,3,1,1,4,4
dkj0kp,3.2,1,SYS,5,2,5,5,4
svd8rk,2.74,3,SYS,2,3,2,5,3
syv5uu,3.8,1,MAE,4,0,5,2,3
wlo1hw,3.55,4,CS,3,0,1,4,1
bny0cf,3.11,1,SYS,0,5,3,3,1
mkb5do,3.21,2,CS,3,2,5,2,4
utf5tk,3.28,1,CPE,1,3,2,1,3
uoe1dl,2.38,3,ECE,5,0,1,1,2
djy1uf,3.1,1,ECE,5,1,5,3,3
hki9hx,2.93,4,ECE,3,0,3,0,1
mmh7mg,2.8,4,MAE,2,3,4,0,3
oet3mf,3.09,4,CS,2,4,3,1,1
ygk9vq,3.92,3,CS,4,4,3,3,4
kwz0zo,3.46,4,CHE,4,5,4,0,4
vcl6tg,2.97,3,ECE,5,2,3,4,4
ytd9dj,3.43,1,MAE,4,3,4,1,2
roj1ji,3.76,1,MAE,0,5,4,5,2
rlv3fu,3.57,1,MSE,4,0,5,4,1
fjm3pq,3.22,2,CS,0,0,5,3,0
lqz9ln,2.94,1,ECE,4,4,4,5,5
zrp1og,3.48,1,CS,5,5,1,4,2
rlz5om,3.36,3,CS,5,4,2,0,1
scu0zz,3.56,2,CHE,0,1,1,0,3
nna8gx,3.45,1,CS,3,4,4,5,4
gdx8wo,3.62,1,ECE,5,1,2,2,4
xhd1lw,2.99,2,MSE,3,0,5,1,4
uoz9dy,3.73,3,SYS,2,5,2,5,1
ide6mv,3.28,1,CS,0,1,4,3,4
lmk7ij,4,3,CS,5,5,5,1,2
jut4pd,2.92,3,MAE,1,5,2,4,3
fop5ns,3.89,3,MAE,2,1,2,3,4
zbq2nm,3.28,2,CPE,3,2,1,3,1
hnx6lf,2.94,3,CS,5,4,2,0,3
gsx0of,3.01,4,CS,0,1,4,4,4
cvj8zh,3.07,1,CPE,4,0,0,0,0
ffv6rx,3.37,3,CS,1,5,0,0,4
eug2uw,3.41,1,CHE,3,3,0,2,5
puz5ni,2.97,1,MAE,2,1,4,0,2
cat4ca,3.19,4,ECE,0,4,0,1,3
lrh3bu,4,2,CPE,1,5,1,3,2
eew6xw,3.89,3,SYS,0,2,4,0,0
pyo7ca,3.37,4,MAE,5,0,5,5,0
ued0vg,3.22,1,MAE,4,2,4,1,5
cix7rk,3.25,3,CS,2,3,4,4,2
xqt4eo,3.45,2,SYS,0,1,2,3,3
mgk7jj,2.79,1,CS,3,5,2,5,0
wop1yb,3.1,3,ECE,5,1,2,5,0
xvn4tf,2.53,3,ECE,5,4,3,4,4
onl1ma,3.36,2,CHE,2,1,1,5,5
prw3de,3.46,1,CS,5,0,4,1,1
esl2st,3.01,4,CS,3,3,4,4,0
nnt6ty,3.83,1,MSE,0,2,2,5,3
osg4zx,2.71,3,ECE,2,3,4,4,3
szd3yx,2.61,2,CS,5,5,5,4,4
ubg2wm,3.29,3,ECE,5,1,4,0,3
tbc8pm,3.62,2,CS,3,5,0,0,4
dmg8is,3.87,4,CPE,4,2,5,0,0
ogv4sz,3.02,4,CPE,4,5,5,5,0
xcd7zx,3.63,1,CS,5,4,4,3,0
oaj5mu,3.18,1,CPE,0,3,3,1,0
qhl7hn,3.13,3,CS,2,2,2,5,1
hkt6oy,3.55,4,CS,5,2,1,0,5
xkc3pu,3.46,1,CHE,1,2,1,4,5
fcp1pv,2.57,1,MAE,2,0,0,5,1
klp9lu,3.79,2,CHE,4,3,1,4,0
okx5lr,3.75,3,CPE,5,5,1,4,3
jop6is,2.95,4,MAE,3,2,2,4,4
yqz8xl,3.36,4,MSE,1,3,2,2,5
ohp2wi,3.4,4,ECE,5,2,3,3,2
xds2ns,3.3,4,ECE,0,4,0,1,4
hdu1nw,2.98,3,CS,1,4,1,1,2
pfy9ae,2.93,4,MSE,5,4,3,0,2
vgj6cz,3.19,4,CS,0,1,0,2,0
iwp2rb,3.67,3,CS,1,2,5,5,2
skr5ui,3.42,1,CS,0,1,1,5,0
pry5lb,3.05,1,CS,0,3,1,1,1
glp8tr,3.51,2,MAE,1,1,2,3,3
goq2pm,2.06,3,CHE,1,3,4,4,2
qiu3rh,3.66,2,CHE,0,3,0,0,3
bvb0kv,2.5,1,ECE,4,3,1,3,0
fzx0rm,3.06,2,MAE,1,5,0,1,2
uej2ac,2.75,2,CPE,5,1,3,2,4
wsh2zo,2.68,4,ECE,2,5,3,0,1
swk7mc,3.66,3,ECE,3,2,4,1,5
jvo2ie,3.01,2,CS,0,1,1,5,1
npy3ly,3.34,3,MSE,0,2,2,0,2
ogl0gj,3.18,2,ECE,3,2,1,1,1
oae3sy,3.39,1,CPE,4,3,0,5,5
ifv4te,3.23,1,CS,3,1,5,5,4
kls5jn,2.69,3,CS,1,2,3,4,3
fdd4kf,3.6,3,ECE,3,4,0,2,4
hoi0hy,3,4,CS,0,2,4,4,1
yqm3tp,2.58,4,CPE,3,4,3,1,5
wif9kp,3.03,2,CPE,2,1,2,3,3
nls1ww,3.8,1,CS,5,5,3,4,5
vsr2ed,3.54,3,MAE,1,1,5,3,4
ahn1ms,3.06,3,MAE,3,5,1,5,0
wff7dv,3.06,1,CHE,0,5,5,1,0
auo8jj,3.07,4,CS,5,1,5,2,3
jfg4bx,4,2,MAE,1,2,1,3,3
pvc7pq,3.35,4,CS,0,0,3,1,3
cql0uv,3.37,3,CS,4,2,4,3,0
nqk2oc,3.61,2,CPE,2,2,1,4,4
ncu2ke,3.3,3,SYS,4,3,1,1,3
fzj4tl,3.1,4,CS,2,3,2,4,0
hkd2sz,3.12,2,ECE,3,2,3,0,3
yhw5gk,3.17,2,CS,1,4,1,1,3
yje4ci,3.19,4,CHE,3,5,4,3,5
rwz2ln,3.49,4,SYS,2,3,0,0,3
fmt5uj,3.22,3,MSE,2,2,3,4,0
ybi7pd,3.49,4,CHE,2,0,2,4,4
zzp4jg,3.17,2,ECE,5,4,5,3,0
fdy3yx,3.23,4,CS,0,1,1,0,0
tof1an,2.4,1,CPE,1,2,4,5,3
tfl5qr,3.57,2,ECE,3,2,3,2,5
ndo7sr,3.34,1,ECE,3,5,4,3,2
kwu2cs,3.6,1,ECE,4,4,4,4,2
cqt4dj,2.04,3,SYS,2,3,5,1,2
xos3rk,4,3,MAE,2,3,2,0,0
ila7bf,3.14,1,ECE,2,3,3,5,3
pzc0dz,3.64,1,ECE,3,1,1,2,2
bmj7vg,2.78,3,CS,4,4,2,1,1
wsl8jm,3.45,4,CS,0,4,1,0,1
upw2fc,2.78,3,CPE,5,3,0,5,1
tdf0bn,2.95,4,ECE,1,3,4,3,4
ojj8vz,3.97,3,SYS,0,5,0,5,3
vso1od,3.12,1,CPE,3,0,4,3,0
cxd4ah,3.29,2,CS,5,0,5,0,0
czk8qo,3.55,3,ECE,5,2,2,5,3
mmg4og,3.4,3,CS,5,2,1,2,5
rhx6ra,3.26,2,CS,2,4,5,5,5
cvk0gb,3.35,3,CS,1,4,1,0,4
jci1mo,4,4,CS,3,1,2,1,3
iwj2cj,3.18,1,CHE,3,1,3,1,5
hhu5pp,3.28,4,MAE,5,0,0,5,4
apc1nr,3.62,4,CS,3,2,0,5,2
tct0ad,3.64,1,CS,1,0,1,3,2
rvs5ga,3.67,3,CPE,1,0,1,0,4
lia5et,3.46,4,SYS,4,2,1,3,3
scy1dd,2.74,2,CS,4,1,2,2,2
cyt6ke,3.85,3,CS,0,5,3,1,3
jxf4yu,2.74,1,CS,1,5,0,4,5
jck2ki,3.32,2,CS,1,5,5,4,2
nth5va,2.9,4,CS,1,2,4,0,5
fvg8oh,3.17,3,MAE,4,3,2,0,3
oik9hg,3.33,2,CS,5,3,0,4,3
loe2df,3.33,1,ECE,5,3,3,0,1
wds7zm,3.37,3,MAE,3,4,2,1,4
keo3yk,3.85,3,ECE,5,1,5,2,0
nlr5ht,3.38,2,ECE,2,1,0,2,4
qjx3aj,3.1,1,CPE,4,4,2,3,3
yiq1ql,3.59,2,ECE,1,0,0,1,3
mzp5dy,3.68,1,MSE,5,5,0,0,4
cws8hk,2.71,4,CHE,4,3,3,0,3
imw4ud,3.44,1,SYS,5,5,4,3,5
gdy7ek,3.48,1,ECE,0,3,3,3,2
gtr4lh,3.08,4,MSE,1,5,0,0,3
udq9bc,3.75,3,CS,0,0,2,0,4
ylv5lj,3.14,4,MSE,1,5,5,1,4
aqk7ns,3.25,1,CS,4,5,3,3,4
yez8zi,3.13,2,CPE,3,2,4,1,1
dbp2gg,3.21,3,CPE,5,5,0,5,5
hxm5tj,2.76,2,CS,5,2,5,0,5
pja3rv,2.62,2,MSE,2,1,3,4,1
lur8py,3.84,2,MAE,0,4,3,4,5
mkj8sl,2.86,2,CS,5,5,3,5,1
spf2as,2.8,1,MSE,4,1,3,0,5
fqg3dw,2.34,1,CS,3,2,5,3,1
jne8kt,2.94,4,CS,4,5,2,4,1
tfi4oj,2.67,2,MAE,0,5,4,3,5
nzw7ly,3.86,2,MAE,2,0,4,4,1
qoc4vk,3.6,2,MAE,5,1,0,3,5
tvo3ok,2.92,3,MSE,4,3,1,4,1
dvc9dc,4,3,CS,1,3,2,3,4
bme4vv,3.59,3,SYS,3,0,0,5,0
ete7wc,3.07,3,ECE,4,2,0,1,5
vvs5pj,2.2,1,CPE,3,3,3,3,1
gks3pw,4,3,MAE,5,3,1,1,4
brm3ur,2.64,4,CS,1,4,1,1,0
sma3zt,2.54,3,MSE,2,1,2,0,1
mvt7la,3.61,2,CS,2,2,1,5,0
gny0fh,4,2,CS,1,5,0,1,5
cuh0un,3.75,4,CS,3,1,1,2,0
pcf2gc,3.43,3,CPE,5,2,1,1,2
boi9ix,3.44,2,ECE,4,3,4,3,3
ukz2he,3.54,1,CS,1,4,0,1,2
azn8pd,3.5,4,CS,0,1,5,3,5
ydn0ec,3.31,4,CHE,3,3,1,3,5
ycr5py,3.24,4,MAE,2,2,1,2,0
whp2ip,3.17,3,CS,1,1,3,1,4
tpz4nn,2.9,1,ECE,2,5,1,1,1
kcw4is,3.09,3,CHE,3,1,1,4,3
tvu9gh,2.52,3,CS,2,3,4,4,1
twt5cs,3.16,4,CS,1,1,0,0,4
bdl9rn,2.8,1,ECE,3,5,2,3,5
xng8ee,2.76,1,CS,0,4,0,2,3
fwu8yl,3.27,2,CS,1,4,3,4,2
mua2ji,3.76,4,MAE,4,3,0,1,5
euz1yp,3.57,2,CS,5,2,1,0,5
ker1mc,2.57,4,ECE,1,3,3,2,0
zqm1mk,2.8,3,CS,3,4,0,5,4
tvz5wg,3.58,3,MSE,5,0,3,1,0
iep2gj,2.81,3,SYS,1,0,2,1,0
llt0ap,3.11,1,CS,0,1,0,5,1
keu8ck,3.42,4,CS,0,5,5,3,5
ifr5fc,2.81,3,ECE,4,1,1,3,4
myw2xl,3.24,1,SYS,2,0,3,4,0
xvh7eb,2.67,3,MSE,5,4,5,4,2
vwx9sb,2.96,1,CPE,3,1,5,1,3
vtc5ku,3.33,4,CS,3,3,4,1,4
tlr1bl,2.56,4,ECE,2,5,3,4,1
hdc8ms,3.38,1,CPE,0,3,5,5,4
bpe5wd,3.19,2,CS,0,5,4,4,5
eib7yi,3.42,1,CHE,1,4,5,1,1
eak1jp,3.29,4,ECE,4,1,1,2,3
gpx3iy,3.75,1,CS,5,5,2,1,2
iqs2sd,3.25,3,MAE,4,3,4,2,0
jnx9iv,3.03,1,CHE,4,1,2,2,4
mzx8ni,3.25,4,SYS,1,1,3,1,1
gzf3am,3.42,3,CPE,4,3,1,0,3
evt2ps,3.22,3,CS,2,0,4,4,0
rjl1gw,3.22,1,MSE,1,5,3,3,3
vqu3ho,2.92,3,CPE,2,3,5,1,2
nml3yy,2.93,3,ECE,1,4,0,2,0
cgr2qb,2.64,2,SYS,4,2,3,1,0
jqs3rg,3.9,4,ECE,2,3,2,4,0
kvf1jh,2.7,4,MAE,2,1,1,5,1
hpv9nq,2.92,2,CPE,2,1,1,2,0
qyq0ol,2.91,3,MAE,1,3,3,3,3
tww3bv,3.56,2,SYS,3,2,5,3,1
aho3cm,3.08,3,CS,4,3,0,3,0
uol9nu,3.7,3,CHE,2,2,2,5,3
hwp4nl,2.93,4,CS,5,2,3,0,3
xht5jr,3.31,2,CS,3,4,3,2,4
ycs9zp,2.87,1,CPE,5,5,1,5,3
jro2zy,4,1,CS,4,1,2,2,5
dpn8nd,2.72,3,MAE,4,1,0,5,2
lsc9cv,3.32,4,CS,2,2,1,5,0
btc2ty,3.45,2,MAE,2,1,3,0,0
fdj1js,3.37,1,CHE,1,0,1,2,0
enw5dv,3.13,3,SYS,3,2,1,5,3
zcc1uw,3.15,4,CS,3,1,4,0,3
tth1bb,3.22,1,ECE,2,0,1,1,0
hui5xz,3.14,4,CS,4,4,5,4,5
aax2ao,3.59,3,CS,2,1,1,5,1
vsb5su,4,4,SYS,4,0,5,3,1
emv0rj,2.98,2,ECE,4,3,2,0,2
mwy8ny,2.65,4,CS,2,5,1,0,4
tsc2gt,3.16,1,CPE,0,3,0,5,2
ixv5rn,4,1,CS,3,0,5,0,0
osq6hl,2.88,1,MAE,5,2,5,1,0
oyl0ih,3.86,1,MSE,4,2,3,0,0
oas7zq,3.87,2,SYS,4,1,2,4,4
wrl7cq,2.98,2,CS,0,3,1,4,3
okc6gh,3.43,2,CS,5,2,0,3,4
oor0xk,3.85,1,MAE,1,2,3,1,2
pbb5hj,3.05,1,MAE,0,3,2,4,3
ulz1ko,3.12,1,CS,5,4,5,5,3
xbx7pi,2.97,1,CS,0,2,0,2,2
syw8ho,2.79,2,CHE,4,5,1,2,3
dke3my,2.94,1,MAE,3,0,4,2,1
ari3fc,2.71,3,MAE,0,1,4,5,2
bbb0rf,3.21,1,ECE,1,2,2,0,2
waa8hk,2.89,2,CS,2,5,0,5,1
tvy7jw,3.29,1,MSE,5,5,3,0,4
nar7oi,2.58,3,ECE,0,2,0,2,4
dts5gz,3.33,3,MSE,0,4,5,3,4
yoa0os,3.53,4,CHE,1,0,4,3,3
btm3bq,2.4,3,CHE,3,1,2,0,1
gut7it,3.35,4,MAE,0,2,1,2,2
gkg2rs,3.69,4,MSE,0,1,0,5,2
ufp6rt,2.72,1,CS,3,3,4,3,2
nzj8nr,3.87,1,CS,1,5,3,0,3
diz3sv,3.37,1,CHE,5,5,2,5,3
zer6ob,2.92,2,CPE,5,2,1,2,5
qlk3br,3.18,1,CS,0,2,0,1,4
psf2go,3.42,1,MSE,3,3,3,2,5
xrz0gy,3.23,1,CS,0,4,1,2,5
xmx0qs,3.42,1,ECE,2,2,5,5,3
dyv2zj,2.83,3,CS,5,5,4,5,4
hvv8wy,3.27,1,CHE,4,1,5,4,4
pnn9ld,2.63,2,CS,2,0,4,4,2
imk7zu,3.16,2,CS,0,1,3,5,3
czr6je,2.84,1,CHE,1,4,5,5,4
bxr3oq,2.91,1,CS,5,0,4,1,5
xln3ns,3.69,2,ECE,4,1,2,1,1
vzj3ws,3.64,1,SYS,2,1,3,2,1
xto4sc,3.44,2,ECE,5,3,4,3,3
dpb1vm,2.76,2,CS,3,4,0,1,2
fqr1qv,3.07,2,ECE,1,5,4,2,2
uqb0br,3.69,4,CS,2,3,5,0,4
bzy6is,3.26,1,MSE,3,0,2,4,3
vhk3vp,4,1,CS,0,5,1,3,1
fra2ht,3.36,3,SYS,3,3,1,2,5
cpe0jv,3.28,4,CS,2,4,4,5,4
tsb7iy,3.08,4,MAE,2,2,1,0,5
mfo8dg,3.25,1,CS,0,2,4,4,4
npy2oe,3.14,3,CHE,3,0,2,0,0
jmb5yq,3.48,4,MSE,3,2,1,2,5
tox8ga,3.58,1,MSE,0,3,5,1,3
lvc1up,2.89,3,CHE,3,0,5,4,5
ovz6lb,2.67,4,CHE,5,5,0,0,5
aiv1cw,2.47,1,MSE,0,4,4,1,4
qbe1wa,3.4,3,SYS,1,0,1,3,1
jog2xx,2.76,3,CS,2,5,5,2,0
jln2gj,2.34,4,CPE,1,0,2,2,5
lfn2kx,3.36,3,CS,5,1,2,4,1
hru5ng,4,1,CS,5,1,0,0,2
mmy5gp,3.2,4,CS,4,0,2,3,0
izp9th,3.54,3,MAE,4,2,2,5,0
rfm4hw,3.23,1,CPE,4,1,1,4,4
bra9yw,3.16,1,CS,0,4,4,5,5
ktz5ip,3.57,2,ECE,3,5,3,4,2
hzq2kg,3.08,4,CPE,5,3,2,0,4
dhn8kb,3.31,1,CPE,1,1,2,3,3
gju0sq,3.33,1,CPE,1,0,3,0,1
uct1pz,2.93,2,CS,1,2,2,2,1
noo5ek,3.6,3,CHE,1,3,1,5,4
ndy2pw,3.13,3,CS,4,5,1,1,1
mgv6bz,2.9,2,MSE,1,5,3,2,5
trp0lo,3.41,2,SYS,3,1,5,2,1
atg9lh,2.84,2,CHE,4,5,2,5,5
rfw2sb,3.21,3,CS,1,5,5,4,3
kod9dr,3.2,2,CS,0,2,2,2,2
poy3vx,3.63,1,ECE,2,2,4,3,0
smo3ih,3.39,1,CPE,2,2,2,2,4
ztc1cz,3.19,1,CS,2,0,1,3,4
gla2my,3.53,4,CS,4,5,0,0,5
aqx1le,3.76,4,CS,1,5,0,4,3
icj0kw,3.42,4,ECE,5,5,0,3,3
xqu0iu,3.2,2,CS,5,4,0,2,0
nno4mg,2.68,4,CS,5,2,5,4,2
wzh3fh,2.77,2,CPE,4,3,5,4,4
koq4rx,3.08,3,CS,3,1,2,3,5
eqq6dr,2.96,1,CPE,0,3,5,3,3
sfp7fd,3.13,2,CS,0,0,2,1,4
rdh3yj,3.22,2,ECE,2,0,4,1,5
nhw6kc,3.41,1,ECE,2,5,2,4,1
wfo9cc,3.17,3,SYS,5,3,0,5,4
qyc6qy,3.39,4,CS,5,5,3,5,2
ldb3fj,3.23,3,CS,2,4,3,1,5
jel8ak,2.41,3,CS,1,0,1,2,2
ifk9pg,2.82,2,CPE,3,0,1,0,4
hqv3bd,3.14,2,SYS,3,3,2,4,1
vyl7pf,2.72,2,CS,3,0,3,0,2
noy4nw,3.44,4,CS,3,4,0,1,3
icf3uu,3.81,3,CPE,2,4,5,3,5
ppw3sh,3.69,3,CHE,0,4,0,4,4
nnj6sp,3.11,3,CS,2,1,0,1,1
ehk5bh,3.8,3,CS,3,4,2,2,3
tvj5xy,3.26,2,ECE,2,4,2,4,4
jyo0vg,3.07,1,CS,3,1,4,4,1
ezh0nn,2.95,3,CPE,4,5,0,5,3
maj4bw,3.08,2,CHE,5,2,0,3,2
ypk1lf,3.04,3,CHE,0,0,2,4,4
mkw9mx,3.27,3,CS,4,4,2,3,4
dim7we,3.26,4,SYS,1,0,4,1,2
fvy9du,3.2,4,MAE,2,3,4,2,0
fdu0eh,3.37,4,CPE,1,0,1,2,3
wpq2qo,3.68,1,ECE,2,5,3,4,2
ecn8ln,3.58,1,CS,5,1,0,4,4
lnt4cu,2.61,1,SYS,4,0,0,1,3
ceh4dl,2.18,4,CS,5,0,4,5,3
kzd5gw,3.57,2,CS,3,0,4,5,0
dii1gn,2.65,1,CPE,5,2,1,5,4
htq7tb,3.11,4,MSE,5,2,3,3,1
cxn7uh,2.73,4,SYS,3,3,1,5,0
wim8yo,2.48,2,SYS,2,1,3,2,0
tpq2hl,3.42,4,CS,3,0,5,3,1
ugv6mi,3.5,3,CHE,4,0,0,1,1
dqz2ki,2.97,1,CPE,5,0,1,2,0
nrr7zt,2.16,3,CHE,3,0,4,2,3
xoz1eg,2.98,1,CS,5,2,1,0,2
xtt2kc,3.36,2,CHE,4,5,5,1,2
dwn2is,2.61,3,CPE,1,5,1,1,0
rhn0om,3.27,1,MAE,4,3,0,0,3
meh6cn,3.19,4,ECE,0,4,5,3,1
pfx8bo,3.43,1,CHE,0,1,4,5,5
emr7gq,3.25,1,ECE,0,5,4,5,0
kpz4on,2.81,2,CS,5,0,2,5,4
bvl7lz,3.68,3,MSE,2,5,5,5,3
abk6lq,3.14,1,SYS,2,3,2,5,4
xyr4hi,3.19,3,CS,2,4,2,0,4
bly9ke,2.83,1,ECE,5,5,0,1,0
mzk1lp,3.02,4,ECE,4,3,1,3,3
vjt9fl,2.85,1,MAE,2,2,4,2,4
mlp5qb,3.13,2,CHE,1,4,4,5,3
cgu0zi,3.88,2,SYS,0,3,1,0,2
nne2js,2.65,3,CHE,4,5,4,3,5
aui7sn,2.55,2,CS,0,2,1,3,4
pty9dk,3.79,4,CS,2,3,5,3,4
ejc7bg,3.12,3,CS,4,3,0,0,3
jff5ji,2.93,4,MAE,3,5,0,2,5
hqb3kt,3.62,4,CS,1,4,0,5,2
tzq5eq,2.96,2,CPE,2,2,1,3,4
wfk9pc,3.93,4,CHE,2,0,1,0,0
flq8lb,3.47,3,CS,1,1,3,1,3
sry7yf,3,4,CS,1,4,4,0,3
ftq0lr,4,2,CS,3,2,4,0,4
pto0wj,2.96,3,CS,2,3,3,0,2
bfe4hl,3.5,4,CS,5,2,3,3,4
gmk8st,3.32,3,CS,2,1,0,0,1
ops5el,3.72,2,MSE,0,5,3,1,4
iyu3gu,3.82,4,ECE,4,1,1,3,5
hlx4ns,3.21,2,CS,4,0,2,1,5
dtd9ql,2.9,1,ECE,0,0,1,4,1
ojn3zr,3.38,4,ECE,4,1,3,0,5
sai7tr,2.93,3,CHE,1,4,4,5,5
ome5cn,4,2,CS,4,4,1,5,0
gey6jl,3.25,3,ECE,4,3,4,3,3
dwd9ue,3.05,3,ECE,0,0,1,5,5
cal9mv,3.27,1,ECE,3,3,4,3,3
svm0zt,2.66,1,CHE,4,0,5,0,2
wii0gy,2.81,3,MAE,5,1,1,2,4
iik9qp,3.68,1,MSE,4,4,4,2,0
xdk9hl,2.94,2,CS,3,4,2,1,1
zlt2av,2.78,3,MAE,0,1,0,0,2
bei3eq,3.41,2,MAE,3,3,1,5,0
uvv0sl,3.67,1,MAE,0,3,2,0,0
mzj5lg,3.49,2,CS,1,2,0,4,1
dvt3ke,3.6,1,CS,0,0,1,2,1
rbc2nc,2.9,3,MAE,1,3,2,5,3
ask9pj,2.63,2,CS,1,1,2,2,4
ikv9gq,3.8,3,CS,0,3,5,0,2
aae2br,3.07,4,CHE,5,4,2,5,4
xnd0qx,3.1,4,CS,2,0,5,1,2
kjz6lo,3.73,1,SYS,0,5,3,0,0
dta6eg,3.42,1,MAE,4,2,4,1,5
hrv9rs,3.38,2,CS,5,0,0,5,5
nsc7bp,4,4,ECE,5,4,4,2,1
qnh4jn,2.94,2,CS,4,4,4,4,1
jnd1cq,3.57,1,CS,2,4,5,3,0
wse5kl,3.22,1,CS,5,4,4,2,0
ywl8sr,3.31,2,CS,1,1,2,1,2
rui7bj,3.81,1,SYS,2,2,5,0,0
ull1rl,3.4,4,SYS,4,5,4,5,2
peg9ud,3.42,4,CS,2,4,5,2,4
lxu8wb,3.63,4,CS,0,4,3,4,1
fgb6bi,3.05,1,ECE,2,3,5,5,1
czb8ld,2.86,3,ECE,1,2,1,1,5
svk5dn,2.78,4,CS,0,0,2,5,5
ips4ty,2.41,3,CHE,3,2,0,5,1
nev5zl,4,1,CHE,4,2,1,0,4
tod5iw,2.76,2,MAE,4,5,1,3,4
tzr2fn,3.11,1,SYS,2,2,1,1,3
ngr0yu,3.09,1,MSE,5,5,4,0,2
axd9bq,3.32,4,CS,0,4,5,3,5
mjm5ur,3.53,1,CPE,3,4,5,0,2
pyx0wr,3.54,3,CS,0,1,4,3,5
edg1ey,2.97,3,SYS,4,5,2,3,3
nbq0ix,3.13,3,CS,0,5,4,3,1
uja7uz,3.31,3,MAE,3,0,4,0,2
kbg5aw,3.1,1,CHE,5,3,4,5,5
zoj3kp,3.84,2,CS,2,2,2,3,2
ghs6lp,3.4,3,CS,1,0,2,5,1
lpk8hd,3.49,3,CS,0,5,3,1,0
ica5gi,3.47,4,CS,1,0,3,4,5
dtt3nn,3.67,2,CS,4,1,3,5,0
tja1ph,3.27,2,ECE,2,3,3,4,3
vor4sz,2.68,1,ECE,2,5,5,3,4
owy6hl,3.36,2,CS,0,5,1,4,2
dmt3my,2.94,4,ECE,5,2,1,4,5
gdx5ew,2.99,2,SYS,2,3,3,3,2
umm1hj,3.43,1,CS,0,1,3,5,3
fnu5kg,3.7,4,SYS,0,4,0,3,3
svv8zy,3.21,4,CS,1,0,1,1,2
jll9ae,3.32,2,MSE,2,2,0,2,5
bou3tk,3.88,3,CS,0,5,0,0,1
iuq6fy,3.3,1,ECE,1,4,4,3,1
dmw0qs,4,1,CS,3,1,5,3,4
izt4hn,3.43,1,ECE,1,3,2,4,2
dqd9np,2.5,3,CS,1,0,1,1,2
rlx8gc,3.5,1,CPE,0,2,3,4,5
wyk0di,3.35,1,CS,4,5,3,5,2
ccn4xo,3.72,3,ECE,4,5,2,3,5
qzc1mj,3.47,1,CS,5,4,1,3,2
uml5lf,3.14,2,SYS,4,4,3,4,3
ifd4tn,2.71,4,ECE,1,0,3,3,0
gjp1ax,3.12,2,CS,5,3,4,5,2
civ4xk,2.86,2,MAE,0,1,0,2,0
yir3tt,2.97,4,ECE,2,3,3,0,1
isu1ko,3.44,3,CHE,1,3,5,0,4
ljc0vt,3.87,2,CPE,1,3,1,0,1
hbm6zd,3.36,1,ECE,5,0,5,2,2
orr5tg,2.72,4,CS,0,0,2,3,5
vta6uj,3.38,2,CPE,3,1,4,4,1
zrb5fc,3.68,3,CS,1,3,1,1,3
jrc2go,2.96,1,CPE,3,0,4,3,0
ahe1wy,3.15,3,CS,3,1,0,2,5
alp5sk,3.21,1,CS,4,5,3,5,5
tpb6bv,2.89,4,ECE,0,1,1,2,2
rqw3vt,3.46,2,MAE,3,3,2,0,3
mua0bw,3.15,1,CHE,0,2,0,3,0
ajr4fq,3.37,2,CS,4,3,0,0,3
qxz5yr,2.85,4,SYS,0,2,4,1,1
dty6sa,3.03,2,CHE,1,1,0,5,2
rtn4gi,3.49,4,CS,3,5,1,0,5
umt5sw,3.05,2,CS,0,5,4,1,5
wme8mm,3.89,2,CS,2,0,0,2,1
syz6wr,3.04,3,CS,0,5,2,0,5
ybq9pk,3.29,3,CS,3,4,5,0,4
nef9gf,3.57,3,ECE,4,1,1,4,2
gur5yo,2.63,2,CHE,4,0,2,5,1
ubp6br,2.5,3,ECE,3,5,2,5,2
ldq1ut,2.59,4,CS,1,1,4,2,0
fqk2yn,3.71,1,CS,1,3,3,4,2
qvf7za,2.98,2,MAE,4,5,4,1,2
pqa0ia,4,2,CPE,4,2,1,1,0
hhu0md,2.97,3,CS,3,1,1,2,1
lkm6aq,3.27,1,CPE,1,0,4,5,2
rfd1ss,3.82,3,ECE,4,3,3,1,3
qql6ah,4,1,CS,1,4,4,2,2
wmt2rh,4,3,CS,4,3,1,1,1
hip0va,3.68,2,CS,0,5,3,3,5
olm0il,3.61,1,MAE,2,2,1,0,0
liq7tl,3.44,2,CPE,5,3,3,5,5
okg5mu,3.51,1,CHE,0,4,3,3,1
kem2zn,2.98,3,CS,5,0,4,2,4
rsz1vw,2.87,1,CS,4,1,4,2,5
upm4au,3.2,4,CHE,2,2,4,3,2
dju1yj,3.13,2,MSE,2,4,3,0,2
twc1pp,3.02,3,CHE,4,5,3,0,0
rbm2wy,3.48,2,CHE,4,5,1,4,2
zyb7hu,3.58,4,SYS,1,5,2,1,3
shw4qb,3.24,3,CPE,4,2,4,4,3
kge8xi,3.79,1,CPE,3,3,5,0,5
lca7lc,2.74,1,CPE,4,2,1,3,1
ixd2tr,3.12,4,CPE,3,5,1,1,0
iqd9fv,2.91,1,CS,4,4,0,3,4
rxj5cs,2.45,4,CS,1,1,4,4,5
yvz2aa,3.17,2,MAE,3,1,1,2,1
xbe2ny,3.15,1,CS,0,2,0,3,0
olu8ln,3.81,2,SYS,3,5,5,4,0
cfo7gi,3.45,4,CS,1,0,5,4,5
dcc8ll,2.79,3,CS,5,2,4,4,1
nmy3aa,3.94,2,CPE,3,5,3,2,1
ssf1ek,3.69,1,CS,4,3,0,2,2
hwe6xk,3.43,4,CS,4,1,3,2,4
qjw3dt,3.11,2,SYS,5,1,5,1,3
vnb8of,2.82,3,CPE,1,1,5,2,2
umn9cu,3.05,3,CS,2,0,2,2,0
hun4st,3.64,2,CS,4,5,2,2,4
awb1ix,3.95,1,CS,0,5,2,3,4
aas9hi,3.82,1,CPE,1,5,2,2,1
qfs4ab,3,3,CS,3,5,1,1,4
mpe4uz,2.75,4,CPE,3,0,2,4,5
umu3ew,3.26,4,ECE,0,4,1,3,4
xdi4mc,2.49,3,CS,4,2,1,0,0
ujg3ix,3.33,4,CS,1,2,4,2,5
fku8jr,3.14,1,SYS,0,5,1,4,5
oat7wx,3.01,2,CS,4,3,1,4,2
tkc0io,2.56,2,ECE,1,1,2,3,4
iqs9tm,3.41,4,SYS,3,0,1,0,1
oth1kj,2.99,3,ECE,1,3,3,5,2
ucw9tc,2.73,3,CPE,5,3,2,1,1
rpb1cx,2.05,2,CS,2,5,0,5,4
xfx4at,3.19,2,CS,1,0,2,4,2
dji4gc,3.91,1,CS,2,2,1,5,4
qow9ib,3.86,3,CS,1,1,3,4,0
kbl9je,3.02,2,MAE,2,2,2,5,2
msp0fv,2.96,2,ECE,5,3,3,4,1
dwn3gc,3.39,1,ECE,3,1,0,4,0
xum7rr,2.8,1,CS,4,4,5,3,3
yfh8xc,3.32,2,CS,2,3,0,0,1
ice8st,3.51,4,CS,5,2,5,4,4
grc9ti,3.69,1,MAE,2,2,4,1,1
hex9ic,3.16,3,MSE,3,5,5,1,3
afh9us,3.12,2,CHE,2,2,4,2,1
ouw2dx,2.85,2,CHE,5,0,2,4,0
pce8jl,2.87,1,CS,5,3,4,4,5
gvb3cd,3.11,1,CS,0,1,3,4,1
cxy2fh,3.35,2,CS,3,2,4,5,2
rxb5zh,3.57,4,CS,0,5,3,4,3
mqm5al,2.88,2,SYS,3,5,5,4,1
mqz4mn,3.8,2,CHE,2,2,5,1,3
yre2oi,3.09,2,CHE,5,0,5,0,5
sup1nj,3.19,1,CS,0,5,4,0,0
yhf1xm,2.9,3,MSE,2,1,5,2,2
vbj2pn,2.23,3,CPE,5,3,4,1,4
nik6ji,3.55,2,CS,3,4,4,4,1
cdv2fd,3.49,3,CS,5,0,1,0,0
icw8la,3.09,3,CHE,2,5,1,3,3
lhr9hp,3.23,4,CS,0,3,4,3,5
pkk7tl,3.41,1,CPE,0,4,3,3,3
qls1lw,2.57,1,CHE,5,2,2,4,5
hhr8kd,2.99,3,SYS,2,2,0,4,5
boe2uq,3.52,1,CS,1,1,1,2,0
pmn4ql,2.7,4,MAE,3,4,4,2,1
wod2kl,3.32,1,MAE,3,2,0,2,4
knp3dy,2.66,2,SYS,2,2,1,5,1
mdb9pq,3.39,2,CS,1,5,2,3,2
lby3ld,3.19,1,SYS,0,1,3,4,1
tzs2xm,2.55,1,CPE,4,3,4,3,5
cvf3sj,3.67,3,ECE,4,2,2,2,5
hfr2pd,2.91,3,CS,2,0,1,4,2
xmz3cy,2.88,2,CS,1,0,4,1,3
mgu7qc,3.28,1,CHE,1,3,0,0,5
jpl7ci,3.66,3,CHE,3,4,5,0,2
roc7fr,2.79,3,MSE,0,1,3,2,5
tbz5ps,3.22,4,CS,5,5,1,3,4
ghk8mc,3.37,3,ECE,1,0,3,1,5
iak3zx,3.48,2,CPE,5,0,4,4,0
xsd3dm,3.27,1,CPE,4,3,5,3,2
lfq7ms,3.05,4,CS,5,4,2,2,1
fvn9zl,2.87,3,CHE,0,4,3,3,2
mrt1xh,3.23,2,ECE,0,3,0,2,3
obz7bi,2.77,2,MAE,5,0,1,5,5
qsv0no,2.03,4,ECE,2,1,0,0,2
aoz5fb,3.37,1,ECE,1,0,3,0,4
wdi8lg,3.56,1,CPE,2,4,5,3,2
sre2dh,2.25,1,CS,5,5,2,1,4
iqm9rd,2.8,1,CS,1,0,2,4,5
uzi4ws,3.45,2,MSE,3,1,0,2,1
tnp6am,4,2,ECE,2,2,4,4,5
cnd1yr,3.21,3,MSE,2,0,4,0,3
dbg4eb,2.91,1,CS,5,3,5,1,0
tqs0wq,3.13,3,SYS,4,2,2,1,1
cjn9oy,3.75,4,CS,5,3,0,4,1
xnd3uf,2.94,4,CPE,2,3,0,0,0
hlp3xc,2.88,1,ECE,1,3,0,4,2
rpr0bi,3.01,2,CS,4,0,3,3,5
cpp6ik,2.82,2,ECE,5,4,5,1,2
wvu5ba,3.25,4,ECE,5,2,4,1,2
qkz6lx,3.85,2,CS,2,1,4,3,5
mmo4aw,3.33,2,CPE,2,4,3,0,3
dxq4fw,3.1,2,CS,3,0,1,1,1
edt9zt,3.08,1,CS,5,3,3,5,4
bbt6uy,2.57,2,MAE,2,1,5,5,0
avf4ch,3.55,1,CS,0,2,0,5,1
hpe6nr,3.17,2,CS,4,4,3,2,2
yve2db,3.13,2,CHE,0,5,0,2,0
xjn7xb,4,1,MSE,4,4,5,0,4
tuf9wu,3.32,1,CHE,5,1,5,3,1
rqe1zm,2.9,4,MAE,3,0,2,4,1
ugi8fp,3.03,4,ECE,2,2,0,0,3
dge6ql,3.66,1,ECE,2,1,4,4,1
kfj1ce,3.25,3,ECE,2,3,3,0,1
pvm2hc,2.62,1,MAE,5,2,5,2,4
qxi4gn,3.57,2,CS,4,4,0,5,4
tgs0qc,2.93,1,MAE,2,1,1,3,0
uqo5co,3.95,2,CS,0,4,2,2,2
hkn4rq,3.63,2,ECE,2,4,1,3,4
irg5cc,3.02,4,CS,5,4,5,4,0
hkc7ce,3.71,4,ECE,3,0,1,0,1
jzx8ui,3.23,1,SYS,0,4,1,1,0
zxh6an,3.54,3,CS,2,3,2,1,0
nll9zh,3.39,1,ECE,2,3,2,3,0
rtf7dr,2.86,2,CHE,1,2,2,5,5
yyq5ng,2.94,4,CS,4,5,2,5,0
jip3fu,3.61,1,MAE,0,4,1,3,4
crx1en,3.07,4,CS,1,4,4,2,5
ceg5rn,3.04,2,MAE,3,1,4,1,2
lhe8qv,2.82,3,SYS,4,0,2,2,0
wwv0ry,3.37,2,MAE,0,5,3,4,3
ysl1rp,4,3,MAE,2,2,0,1,1
jas4hj,2.77,2,CS,0,5,5,4,1
cqp9er,3.21,1,ECE,2,4,3,0,5
wmg2kv,3.76,2,CS,4,1,5,2,1
gwa8gp,3.17,3,CS,2,0,3,3,1
hpt9hc,3.38,2,MAE,3,2,3,1,5
ukn8ys,2.78,4,CS,5,5,4,2,1
bdb0um,3.37,2,ECE,2,2,0,3,0
ooh0pg,3.13,2,CHE,3,4,3,0,2
smp3zd,3.59,4,CS,5,2,2,1,5
wqo6eq,3.67,3,SYS,4,1,5,4,3
ymf8rl,4,3,SYS,4,2,4,0,5
nvt0tg,3.43,4,CPE,0,3,5,5,4
mlg6sx,3.33,4,CS,3,1,2,3,3
tan3xf,3.28,4,CS,3,5,2,1,4
klo4wi,3.06,2,CS,1,0,3,1,5
imn1mn,3.34,2,CS,1,0,2,0,4
puk5ln,3.08,3,CPE,5,4,0,1,3
ubj5cn,3.27,3,CS,5,4,2,3,0
qwu3yt,3.73,2,CS,1,3,3,0,5
ywg0ho,2.8,1,ECE,5,5,5,4,5
odg3ic,3.66,2,CPE,2,0,2,0,1
kck2cb,3.73,3,CHE,1,0,4,0,5
izm4ty,3.15,2,CS,3,0,4,4,5
jha9gu,2.35,2,ECE,2,0,4,5,0
pxz7ub,2.96,3,ECE,5,2,5,3,1
ulq6in,3.72,3,CHE,4,5,1,5,2
ilb5ym,3.19,1,CS,0,1,4,5,4
yru5ed,2.8,1,CS,1,1,4,5,3
qcm5uw,3,2,ECE,4,3,1,2,2
nud2xr,3.54,2,ECE,5,2,5,5,1
qiq8yx,3.42,2,CS,3,0,4,2,0
gpv1po,3.1,2,CS,0,0,3,4,3
omq3nm,3.05,2,ECE,4,4,5,3,4
amx1wo,3.04,2,CS,0,4,4,5,5
ima1nm,2.83,2,CPE,1,3,4,1,5
jag9rt,3.85,3,CHE,5,0,1,4,2
frd4ey,3.07,1,CS,3,3,3,2,4
lex6ad,3.69,1,MSE,5,2,5,3,1
tru3so,3.81,3,SYS,0,1,2,0,4
mef0vp,3.6,3,CPE,4,0,0,3,0
jrb3if,3.03,3,CHE,1,5,3,3,2
okl1rb,3.36,3,CHE,1,2,2,5,2
tzc4ae,3.19,2,CHE,5,0,3,5,0
yvb7ui,2.84,1,ECE,4,5,2,2,4
zfc9ly,3.33,2,MAE,4,4,2,2,0
glw6mz,2.73,2,ECE,0,3,3,5,3
dcu1dj,3.68,2,CPE,5,4,1,5,0
ori7dm,3.01,3,CHE,5,1,3,1,4
spy8ub,3.28,3,CS,2,4,3,1,0
qxi4ub,3.31,4,ECE,5,0,2,4,1
ami9sy,3.1,4,CS,1,5,0,5,5
qcn8ck,3.43,3,ECE,0,4,2,0,0
yyw8lz,3.01,2,CS,4,0,4,1,5
rew7ub,3.55,4,ECE,5,1,3,2,0
ytd5di,2.66,1,ECE,0,5,5,3,4
vrr8kd,3.25,4,CPE,5,4,3,4,3
npv9wx,3.98,2,CHE,4,3,1,1,3
bnd7cn,2.8,1,ECE,3,3,5,3,5
ies8lc,2.93,2,CS,4,5,2,3,4
luv2ps,3.41,4,ECE,4,3,1,1,4
qrs8up,3.27,4,SYS,4,4,3,0,4
dmg1xh,3.34,2,CS,5,4,2,0,1
yfb5cz,3.4,4,CHE,2,5,2,4,2
xnk9qw,3.45,2,CS,4,4,4,0,0
vfc5az,3.64,2,CS,1,0,4,4,4
hlo9kb,3.36,4,CS,1,1,0,2,4
rbx9zm,3.1,3,CS,0,3,4,1,4
zpf8zi,3.47,2,CS,2,0,5,3,3
poq8eu,3.96,2,CS,0,5,2,4,4
mpc4fc,3.15,4,SYS,1,3,4,0,0
amg5xw,2.81,1,CPE,1,0,0,4,4
quv9nd,3.64,4,CS,3,4,3,5,0
zmh6nk,3.15,3,CS,4,5,5,4,1
sfl1ee,2.33,1,CS,1,5,4,0,2
azf5av,3.54,3,CPE,5,3,2,5,3
wlb1sm,2.99,1,CS,5,4,3,5,0
fdr0hc,3.16,1,CS,0,3,2,0,5
lqv2dw,3.33,1,CS,0,2,3,5,1
nqv3lj,3.28,3,CS,4,0,5,1,2
qaj3xi,3.48,3,ECE,4,2,2,3,2
cww9yr,3.03,4,CS,3,0,4,1,2
npk5zc,3.41,4,CPE,2,1,4,1,0
qwp7ag,3.1,1,CPE,0,5,0,0,1
srq1wm,3.5,4,CS,4,3,3,0,4
edo5iq,3.45,2,SYS,0,1,0,3,5
sfx1aj,2.83,2,CS,4,1,1,4,1
pvr4nw,3.63,3,CPE,1,5,4,1,1
ptr9eq,2.99,4,CS,0,5,3,5,1
dsb0ri,3.52,1,CHE,1,0,5,3,0
vdc1aa,3.35,2,CS,0,2,0,1,5
jvk8xk,3.94,3,CHE,2,4,5,4,0
hhx5wv,3.11,2,MAE,3,0,5,5,5
gyk6rv,3.06,2,CS,5,4,5,1,5
als9ew,3.19,1,CS,5,1,0,2,0
trc6ao,3.08,4,CHE,5,4,1,3,5
fqb0qb,3.52,1,CPE,1,2,0,0,1
ycd1iu,2.55,1,CS,4,0,2,1,0
dxn6is,2.78,3,CHE,5,5,4,5,5
gno5kx,2.77,3,CS,2,2,0,5,2
xuc0us,3.58,2,CPE,5,2,0,3,0
gie5er,3.88,2,ECE,0,0,1,3,3
ytg0xj,3.16,2,MAE,1,5,2,5,0
kjw2ou,3.13,3,MSE,0,2,0,5,0
efu1ky,3.23,1,CS,0,5,4,5,0
thw2xq,3.66,4,CS,0,3,4,1,5
mbl2rp,2.83,4,CS,3,3,0,5,0
bxq4lz,3.3,1,CS,3,3,5,0,3
oqd7hc,3.59,1,ECE,4,4,5,5,4
vaw4jo,3.4,4,CPE,1,2,2,0,0
nyj9cx,3.28,2,ECE,2,0,4,1,2
urd7yc,3.6,2,CPE,2,0,5,3,3
vru2pr,2.12,1,CHE,2,4,4,0,4
xfr3gc,3.47,2,CHE,0,0,2,1,5
ehy7bu,2.94,2,CS,3,3,2,5,0
bpz9ax,2.47,3,CHE,1,2,5,1,4
gfy4vo,3.4,1,MSE,0,0,0,5,2
qjj3er,3.75,3,CS,3,0,3,1,3
ipm1ag,3.15,1,CS,3,1,1,3,3
czj0uk,3.58,4,MAE,5,1,3,0,5
jgx1uw,3.84,4,CS,5,1,3,3,5
kvd8oz,3.73,1,CS,1,2,4,2,5
oih9jl,3.86,1,CS,1,3,2,5,4
tgu9fk,3.5,4,MSE,1,5,4,0,0
bbe7sq,3.23,3,CS,0,3,5,3,1
wtu5dy,2.56,2,MAE,4,3,1,0,3
lya6dm,3.1,4,SYS,1,2,5,2,1
lnr5gu,2.86,2,CS,5,2,0,4,3
qiq1jw,4,1,CHE,4,1,1,5,5
lke6mj,3.13,3,MAE,0,0,4,5,0
nnz4un,3.25,4,CS,4,4,4,1,0
emv6gp,3.42,3,ECE,2,4,5,5,3
hwa8pr,3.22,2,ECE,4,5,4,5,4
rxs3ia,3.88,3,CS,1,0,4,3,5
yhb9wb,2.95,3,MSE,0,5,3,5,0
zqg2ai,3.28,4,MSE,1,1,0,5,0
ujf2ko,2.9,2,ECE,5,5,3,2,2
nzr7og,2.67,4,SYS,2,0,4,2,0
iug0je,2.96,4,ECE,5,0,2,0,2
rxj4su,3.19,3,CS,1,4,3,0,0
djl0lb,3.03,3,MAE,1,1,4,5,0
hbv6ah,2.92,2,ECE,1,2,4,5,4
gje5uw,2.64,1,CHE,3,5,0,1,4
iaf6oe,3.17,3,CS,2,4,5,0,5
bdw6ck,2.6,3,CPE,1,5,1,3,0
nmk5uq,3.5,4,CS,1,5,3,5,5
eym6lc,3.23,1,CS,5,2,3,3,5
zjs2wo,2.62,1,ECE,5,1,3,5,5
tcc6lo,3.08,1,ECE,1,0,4,3,5
aab0yy,2.9,1,ECE,0,3,0,4,3
ghk7iq,3.33,4,CHE,3,5,4,3,3
csa3hj,3.74,1,MSE,5,3,4,0,0
mfe7zj,2.45,4,CS,0,1,5,5,3
nxt7od,3.25,2,CS,3,3,2,0,0
qgp2jt,3.14,2,CPE,1,5,0,3,4
yvb4yi,3.47,4,CS,2,2,3,2,1
eja7fj,3.29,4,CS,4,3,1,2,2
cre2mi,2.9,1,MSE,4,1,3,2,3
vlf0fg,3.07,2,CS,1,1,4,5,3
yvs2pw,2.88,4,ECE,5,2,0,1,4
xlk8mr,3.63,2,CS,0,3,0,4,3
kcb3iz,3.21,2,SYS,2,3,0,3,0
ioa5xo,3.96,2,CHE,3,0,2,1,0
iqf9qk,3.18,1,CS,1,4,3,2,1
pal0ba,2.92,1,CPE,2,1,2,3,1
wme6fj,2.59,1,CHE,2,0,5,1,1
npi4mu,2.48,3,CS,5,1,1,0,0
mqk1xt,2.57,1,MAE,3,0,5,2,5
sws5xa,3.31,2,CS,2,4,4,1,5
vjv0tl,3.4,1,MAE,5,0,2,5,1
xnk7es,2.57,3,CS,0,1,2,0,1
slx8ha,3.56,3,CS,5,3,5,2,0
axb9re,3.01,2,CS,0,1,4,4,4
xqf6cn,3.26,3,ECE,0,5,0,2,3
ypf5cv,3.84,1,ECE,2,2,4,5,2
tin7hs,3.56,2,CPE,5,2,3,4,5
gao7ax,3.09,4,CS,0,5,5,4,5
lfw4ox,2.84,2,CHE,3,2,4,4,0
zug5jy,2.34,2,MAE,2,2,0,3,0
ojt0lu,2.91,2,MSE,5,4,4,3,2
mlj7sl,3.12,2,ECE,5,3,2,4,2
rso8el,2.81,3,CS,4,3,1,0,1
lrh5yw,3.15,2,SYS,5,1,2,4,2
pfr4wb,3.23,3,ECE,2,5,1,1,3
pzj7ap,3.11,2,CS,3,0,4,4,3
zta3fs,2.94,2,CS,5,1,3,3,5
chn8wc,3.27,2,CS,4,1,4,3,3
ncu4uz,3.38,3,CS,2,1,0,1,3
huu3jl,2.76,4,CHE,0,1,4,1,3
lcb1tc,3.76,1,CS,1,3,1,2,1
drx2lx,3.16,1,CPE,1,0,2,0,5
xpq0bx,3.21,1,CHE,0,1,3,0,0
gel1uv,3.48,1,MAE,5,3,4,0,5
pmt9gt,3.29,2,CS,1,1,4,5,5
mdb1vv,3.58,3,ECE,1,2,2,3,5
xtf4ry,3.31,1,CS,0,1,3,0,2
fxa2pp,2.96,2,CS,5,5,5,2,0
ywn8eo,3.34,1,CS,5,5,4,2,2
swu7jt,2.74,4,CS,0,1,4,0,1
wna7qb,3.24,2,SYS,5,4,5,1,1
oqx7fy,3.19,3,CPE,5,2,1,2,4
dmr8sk,3.12,4,CS,2,0,1,1,4
opo5gu,3.15,4,ECE,2,1,0,3,1
zwb5fx,2.45,1,CS,0,0,2,5,1
aso4ye,2.98,2,ECE,3,2,3,2,2
nwu1nh,3.24,2,CS,1,1,4,1,1
mqc2dh,3.26,2,CS,2,4,4,0,0
qbe5va,2.79,3,SYS,1,3,0,3,2
gvm8zk,3.71,3,SYS,4,4,4,4,1
dkj8qf,2.85,3,CPE,0,4,2,4,2
fvh0og,3.59,2,CPE,3,3,0,0,2
kkl0no,3.37,3,CS,4,3,2,3,3
lcy6yo,2.94,1,CS,4,5,0,3,4
yxt4gu,3.91,4,SYS,5,3,4,3,2
sbc5mn,2.72,3,ECE,4,1,0,3,5
dtp3gi,3.57,2,CS,0,0,1,4,2
wix8av,3.6,4,MSE,2,5,3,1,5
klt2ia,2.93,1,CS,0,5,4,3,3
bau3yj,3.76,3,SYS,2,0,5,1,1
tiu7mq,3.1,2,SYS,4,5,3,3,2
fjv4eg,3.32,2,CS,4,3,4,2,3
agu4ss,3.3,1,CS,3,4,3,5,0
liy7cz,3.15,2,CPE,2,2,1,2,3
csn3vr,3.52,3,ECE,4,3,3,5,4
mkj0xi,3.52,4,CPE,5,4,0,2,4
ldt6yw,2.5,3,CS,1,4,3,3,1
aft6dr,3.72,2,MAE,3,5,4,1,5
vrr4cy,2.54,4,CHE,0,1,5,5,1
mot0ez,3.61,2,CS,3,1,5,4,5
lai6hi,3.65,2,ECE,1,5,2,0,5
uyg8de,2.76,3,CS,2,5,3,5,5
fht6zw,3.04,1,SYS,0,0,5,5,5
wwt4oy,2.76,1,CS,0,0,3,4,4
kge6bs,3.11,3,ECE,2,2,5,3,4
eyb4jt,3.08,3,CS,3,2,3,2,2
aeb7qa,3.51,3,CS,4,2,4,2,4
hqp2uy,3.72,1,CS,3,2,3,1,1
xkq7ap,3.76,4,ECE,1,4,4,3,4
qat0sp,2.98,3,CS,5,4,4,4,1
edh6ap,3.12,3,CS,4,0,2,3,0
ilk6dp,2.53,1,CPE,3,1,5,3,4
inl7kd,2.88,1,ECE,5,5,0,2,1
tew6vn,3.59,4,CS,5,1,4,4,5
cnl8vq,3.85,3,ECE,2,3,5,0,3
pvz3rb,2.71,1,ECE,1,4,1,5,5
vgw4wq,2.96,1,CS,1,2,3,2,2
hoy0xa,3.19,3,CPE,1,2,1,4,1
uvq4ve,3.31,2,ECE,4,3,3,1,5
xqh5xr,2.88,1,MSE,0,1,2,5,4
ugq3op,3.37,3,CS,4,2,4,5,4
ezo6mt,3.01,1,CS,3,1,0,2,0
bvi2lm,3.19,3,SYS,5,5,4,1,3
jtt6eb,3.42,3,CS,5,3,3,2,1
igk4ef,3.2,2,CS,0,1,0,3,5
pga0qw,3.03,1,SYS,3,5,4,4,3
ibd7ro,3.16,3,ECE,0,1,0,1,0
gtd4ni,3.16,3,SYS,5,1,3,5,2
luk6ls,3.05,1,CHE,4,2,2,2,3
nbh3jn,3.1,2,CS,1,0,2,5,0
lrs5rj,3.84,3,MSE,5,4,4,1,1
wbq5ep,3.42,1,SYS,2,1,1,5,2
jml5ec,3.08,1,SYS,1,1,3,2,4
wsx7xc,3.48,3,CS,5,1,4,2,0
kpg5bz,3.07,1,MAE,4,0,4,0,4
xfx2ra,3.67,2,CHE,0,5,2,5,2
ltj3ia,3.35,2,CS,1,3,0,0,0
wfk7xv,3.16,3,CS,4,2,3,0,0
nmr6hz,3.38,1,CS,3,0,0,5,2
wdp8tb,2.57,4,CHE,2,5,5,1,1
tcm7uk,2.75,3,CS,1,1,5,3,0
czf0je,2.72,1,MAE,0,5,3,2,2
qow4fa,3.26,2,MAE,3,0,1,4,3
wjq0km,3.89,1,CHE,4,0,5,0,4
uvo7ae,4,1,CS,2,0,2,1,0
fhh9gn,3.46,4,CPE,0,3,1,5,3
ljv2jg,3.4,4,CS,4,4,4,1,0
omx5ak,2.48,1,CS,4,2,5,1,1
meb6kb,2.98,2,CS,1,3,2,5,2
oxs9gv,2.88,2,CS,1,3,4,4,0
uku4rt,2.95,3,ECE,0,4,1,5,2
hqq5oq,3.13,2,CHE,5,3,3,4,5
wzo6yt,3.01,1,CS,5,0,4,5,0
qbl8hs,2.41,4,MAE,4,0,0,0,1
ahf8tx,3.5,2,MSE,1,5,3,4,1
jka8an,2.77,3,CPE,2,1,3,0,3
wnl0bm,3.3,2,ECE,2,3,1,4,1
dkp0qx,4,1,ECE,4,1,1,4,2
pgu1gb,2.83,3,CHE,1,2,2,5,5
mcd5sf,2.19,2,CS,0,0,2,4,1
uyj5nc,3.09,2,CS,0,5,0,0,0
ygo0bl,3.64,3,CHE,0,2,3,5,1
pwn9ff,3.98,2,MAE,2,5,0,2,5
vpt1qd,2.71,1,CS,1,4,0,0,2
yfp2vu,3.4,1,SYS,1,0,1,2,0
fdm1tf,3.01,1,CS,2,2,0,1,3
qnm0hq,3.16,3,MSE,0,4,0,5,3
mzq3qh,4,2,CS,0,2,4,1,3
rgw6wf,2.6,1,MAE,4,5,2,5,0
lkl6ie,3.3,4,MSE,5,4,2,5,3
crz6ji,3.39,2,CS,3,4,3,0,1
paq1he,3.63,1,CPE,5,0,2,2,0
yjh1rr,3.24,4,MSE,1,1,5,5,0
pjl4ta,3.32,2,ECE,1,5,3,2,0
bfo2zb,3.04,1,SYS,1,5,4,5,4
crw8sf,3.31,3,CS,5,4,2,2,2
yaj7ly,3.06,3,CHE,3,4,4,1,4
yxt7re,3.45,3,CS,4,0,2,0,4
kbh2ak,3.05,4,CPE,5,1,2,5,4
ldg2fr,3.35,2,CS,3,5,4,3,2
hwe3by,3.19,3,CPE,0,3,0,2,4
ylc2dw,3.65,1,CS,0,3,0,2,3
ibi0mf,3.18,4,SYS,1,1,0,3,0
boo3rr,2.49,4,ECE,2,2,5,0,0
mrc4kc,3.7,1,CS,1,0,0,2,1
uhm8zr,2.84,2,SYS,2,1,2,0,5
afh1in,2.94,2,CPE,3,3,1,2,3
jys8wh,2.96,3,SYS,0,4,4,4,2
fry3fi,3.75,2,CS,5,3,1,2,5
cyy7ja,2.35,2,ECE,2,4,5,4,0
dxh5jm,4,3,CHE,3,0,1,5,4
ijv6bl,3.62,3,CPE,0,4,3,0,1
jjh4av,3.29,3,CPE,5,1,0,2,1
nph4qb,3.18,4,CHE,2,4,5,1,0
soe5kf,3.31,3,ECE,1,2,2,1,3
zso0df,3.41,3,CS,1,1,0,3,5
dpw4yt,3.46,4,CS,1,0,0,1,1
mzz2ad,3.42,4,CHE,3,1,1,4,0
mie7bz,3.24,1,CS,1,2,3,1,3
xzv6bz,3.12,4,CS,4,0,0,1,0
kli1jk,3.14,3,CS,0,3,4,1,0
lfg1ya,3.12,1,CPE,3,2,4,2,3
nfm5zf,3.65,2,CS,5,0,0,3,3
raw2sv,3.44,1,CS,1,4,1,0,3
spm4cb,2.02,2,ECE,0,1,1,3,0
aep4cr,3.46,1,CS,2,0,2,4,1
goz5wj,3.28,1,CHE,1,1,5,2,2
elk1oi,3.19,4,MAE,0,4,5,5,2
hvt3vq,3.04,2,CPE,4,0,5,2,0
icd5js,3.65,2,MAE,2,3,3,1,0
nhh2rr,3.58,1,ECE,4,2,1,1,1
nxu1jo,2.89,1,CS,5,0,2,4,3
vuz3re,3.36,2,CS,0,4,4,5,0
ryu9ry,2.81,2,MAE,4,0,5,2,4
nwx5cj,2.65,2,CS,5,1,4,5,3
csl1hv,2.95,3,CS,0,5,4,0,0
xux1lh,3.54,1,MAE,0,0,0,3,4
mpa0fi,3.58,1,CPE,4,3,3,2,5
wlq7fk,3.41,3,ECE,0,0,2,5,1
hbc9mi,3.49,2,ECE,1,2,3,0,4
qyr2tr,3.41,3,MAE,0,0,0,0,0
uex0mr,2.94,4,CS,3,5,2,3,2
elw2ai,3.37,2,ECE,5,1,2,0,0
cno7dt,3.52,2,SYS,0,0,1,4,2
tgr7ym,3.5,3,CS,3,3,3,0,1
nde2dh,3.68,2,CS,0,4,3,5,1
xmw8vu,3.48,1,CS,0,0,1,4,3
ira0kr,3.34,1,MSE,4,0,4,0,3
lsn8nu,3.63,3,CS,1,2,0,1,2
tut0mp,3.19,3,CPE,5,3,3,0,2
lna5df,2.85,4,MAE,1,5,1,4,1
rvk1az,3.13,1,CS,2,4,2,0,4
paj7rv,2.9,1,CPE,4,1,5,0,2
msd8sv,2.93,1,CPE,4,0,1,0,2
vgy5ri,3.14,4,MSE,1,5,5,4,4
spr5op,2.88,1,MSE,4,4,4,0,3
wmb8jt,3.08,2,MAE,1,1,0,3,3
xeh4tn,2.44,4,MSE,4,5,5,5,2
cxb9sl,3.29,4,CHE,0,3,4,3,3
ixy6gs,3.2,1,SYS,1,3,5,4,3
oab5mm,2.87,1,SYS,1,4,2,1,5
fan8by,3.46,3,MAE,3,1,2,3,3
msd6ox,3.58,2,MAE,4,3,2,5,1
zmg4os,2.56,2,CHE,4,4,2,2,0
col4cc,2.89,4,MAE,1,3,1,5,2
rkq0io,2.89,2,CS,0,3,2,3,2
lfl3yr,2.82,3,CHE,0,5,2,2,1
gsp7rh,3.53,1,MAE,5,5,1,4,0
xaa5vn,3.12,3,ECE,0,3,2,5,0
yyg6se,3.09,1,CS,4,2,4,1,1
ylr5cv,2.4,1,SYS,3,5,4,2,4
ktu1ie,3.45,4,CPE,1,1,3,2,4
bqx2xk,2.7,3,SYS,2,4,4,5,0
hcr9of,3.22,1,CS,3,4,0,3,4
sli6pf,3.31,3,ECE,2,1,0,2,4
hyo3ep,3.74,1,CS,3,1,0,4,4
uqp2po,2.68,1,SYS,0,1,1,5,0
ldd8sh,1.99,3,CHE,4,1,4,4,4
zkn1ti,3.27,3,CS,2,0,0,5,2
swl7ia,3.92,1,CS,3,4,3,4,5
rav8jo,3.7,3,CS,4,0,1,3,0
plr0gb,3.28,4,CS,2,3,3,5,1
zfq1vn,3,1,SYS,1,3,4,1,4
afx2dl,3.52,1,CHE,3,4,2,3,3
lih7lc,2.81,3,CS,1,3,3,4,0
dtq2vs,3.39,4,CS,0,1,2,5,1
akv2cc,3.4,3,CS,1,0,1,3,5
pyc4bx,3.62,1,CHE,1,1,3,4,2
wae5gz,4,2,SYS,5,3,3,0,1
phu6jr,3.36,2,CS,3,5,5,0,4
drg3ey,3,4,ECE,0,0,1,2,3
kvc0ks,3.19,2,CS,1,1,1,1,4
mam4jh,2.49,3,CS,4,4,0,0,1
ytm7kg,2.92,2,CPE,2,1,4,4,0
nkn2yr,3.04,2,CS,1,5,3,3,3
eaz3uu,2.99,3,CS,0,3,3,5,3
clr2uf,3.26,1,MAE,1,0,1,3,1
zuq1td,2.87,2,MSE,2,4,1,2,5
xlk0uz,3.65,4,CS,0,0,4,3,5
iuo6yl,3.2,2,CS,3,4,1,0,4
vtc1ne,3.2,2,MAE,0,0,2,3,1
qct2mi,3.07,2,ECE,3,3,2,0,3
pdr5ax,3.26,2,CS,0,4,5,0,1
qah2vg,3.53,2,CS,2,2,2,1,3
nmt6jz,2.85,3,MAE,2,0,2,2,4
ita0dg,2.94,2,CPE,0,0,4,4,0
new6ba,3.08,4,CS,1,1,3,0,0
swj8uk,2.66,3,CS,2,4,2,5,1
fii0fk,2.87,2,CS,3,5,5,2,3
ysp9ib,3.01,2,MAE,3,2,1,4,0
ybg6kl,3.55,1,CS,4,3,2,5,3
cdr9az,3.31,1,MAE,5,1,5,3,4
hil1he,3.28,4,ECE,5,2,4,2,1
tdh9lf,3.54,1,CS,5,4,1,5,3
own7lh,3.15,2,CS,3,2,5,2,1
gku7ib,3.36,2,ECE,4,0,2,2,3
bfw8iz,3.16,3,MSE,5,0,3,3,5
gxl3cp,3.31,1,MSE,5,1,1,3,5
cic8ym,2.97,1,CPE,0,4,1,2,3
ybp7wg,2.22,4,CHE,0,4,3,5,4
efw9jm,3.15,1,CHE,0,2,1,1,1
gik7lg,3.77,2,CS,1,1,2,0,2
fnz8or,3.57,3,CS,5,4,1,3,3
wto0js,3.59,4,ECE,1,5,2,1,3
wrt4sz,3.69,1,ECE,4,5,3,3,5
kgn6ay,3.24,2,SYS,3,0,0,2,0
asx1oa,3.28,1,CS,5,2,3,1,5
pwc8ji,2.95,1,CS,3,3,2,5,1
ppp6ba,3.07,2,ECE,0,0,4,5,5
ylp7hg,3.45,1,ECE,5,1,3,4,2
uxe0hp,3.68,2,MSE,2,4,4,0,4
tej2fe,3.14,3,CHE,1,0,4,0,2
hyb2cf,3.02,3,CPE,1,3,2,3,4
ovb0cw,3.2,3,CS,5,3,2,0,2
gox5qi,3.44,3,MSE,0,5,0,4,5
suw3pm,2.62,2,ECE,1,1,5,5,2
rwx5wh,2.28,2,ECE,0,0,1,1,5
irc8wq,2.98,3,CS,4,2,3,1,5
mlw7zb,2.71,1,MSE,3,0,2,5,1
mbk4wk,3,1,SYS,2,5,3,2,5
nqv1nt,3.14,2,ECE,3,3,5,5,0
hvk5ae,3.02,1,CHE,3,1,5,1,2
kes6rl,3.78,2,CHE,4,1,4,3,3
wud3gk,3.33,4,CS,1,2,1,4,3
vks0qb,3.32,2,SYS,2,1,0,5,3
zut4ut,3.45,3,SYS,1,5,3,2,0
wcn3jx,2.74,4,CS,5,5,1,3,5
qyz0bq,3.62,4,CPE,3,5,0,5,2
fhr3ys,3.17,2,ECE,5,1,3,3,4
hir9ug,3.47,2,ECE,0,1,1,5,4
aja8wq,2.77,1,ECE,3,5,2,3,1
nus5xa,2.58,2,ECE,1,1,3,0,0
tcv6gz,3.53,3,ECE,3,1,1,3,2
ojl6jz,3.35,4,CS,0,3,5,0,5
qvq2ax,2.84,4,CPE,4,0,0,1,3
ohi0tp,2.85,3,CS,5,4,1,0,0
qbn0me,3.65,1,SYS,5,1,2,3,0
knk0sp,2.72,4,MSE,1,4,3,4,2
mok5zu,3.86,3,MAE,3,4,3,4,5
eda0xh,2.84,2,CS,1,3,3,1,1
cfq8uj,3.46,4,CHE,4,1,2,3,5
dvl0ti,3.07,2,CPE,3,5,0,0,1
tkr0bz,3.44,1,CPE,3,4,3,4,1
hyv8ac,2.98,4,MAE,1,1,0,5,3
vxh6db,3.13,2,CPE,1,2,1,2,3
hta7cn,3.22,2,CPE,0,5,5,3,2
akm3rm,2.8,4,CS,4,2,5,5,5
raq3mb,3.5,3,CS,0,2,0,5,1
kij8js,2.99,2,CHE,5,4,0,3,2
nvf4jq,3.11,4,ECE,3,2,5,2,1
wll9di,2.8,3,CS,1,3,3,4,0
esn7sm,2.18,4,ECE,3,3,4,2,4
dwg9mh,3.12,2,CPE,3,4,4,1,4
itw5ot,4,3,CPE,2,1,2,0,1
unk7rf,3.51,3,CS,5,0,5,0,2
umz5yf,3.19,2,ECE,2,1,5,5,3
pwj1zt,3.09,3,CHE,3,1,2,4,5
zle8eg,3.21,3,CHE,1,1,4,2,1
shu7ff,3.42,3,CS,3,1,1,5,1
wup3hz,2.73,3,MAE,5,5,3,3,5
iap2uw,3.65,4,MAE,2,0,3,5,3
jlf6el,3.49,4,CHE,1,5,1,3,1
ggj4kx,3.49,4,MAE,3,2,1,3,0
ebv4ag,3.38,4,CS,4,1,4,1,3
rii1ig,3.21,3,MSE,5,3,2,1,0
etm2ox,3.47,3,MAE,5,4,1,3,4
fbm1aa,3.44,4,SYS,4,4,2,4,5
wda3fq,3.06,2,ECE,3,5,0,1,3
gwh3ke,2.97,4,CS,5,5,3,1,3
bdw4bu,3.24,4,CPE,1,3,4,0,2
vys3hm,3.82,2,CHE,3,1,3,5,2
wxg1aa,2.7,3,SYS,3,0,4,0,5
tvb1ke,2.61,2,ECE,2,2,0,4,3
hbz6uq,3.27,2,MSE,5,4,3,1,4
mhk4nm,3.22,1,CHE,5,2,0,1,1
ige1bp,3.27,1,CHE,4,0,4,2,5
nnk9hb,3.3,2,ECE,2,5,1,4,5
vad2lx,3.11,2,MAE,2,4,3,5,2
ula1os,3.8,1,ECE,5,2,0,5,4
nra6kb,2.56,4,CS,3,5,5,5,5
hoh1qp,2.87,2,MSE,2,0,3,4,4
tta2eq,3.16,3,CS,4,2,3,2,5
swc7nw,2.54,2,ECE,2,1,3,2,2
jrq9ml,3.13,1,CHE,4,5,2,0,1
wda1pj,3.86,2,CS,2,0,0,4,2
tce8ba,3.21,2,ECE,4,2,0,4,5
efl5je,3.29,3,CS,2,1,3,2,4
veo2qa,2.7,2,CHE,2,1,1,3,0
mtq2qz,2.95,3,MAE,1,0,3,3,2
vor1xj,3.05,2,CS,4,3,2,0,4
vph6bj,3.07,3,CS,4,4,4,3,2
jlo7xz,3.71,4,CHE,4,0,2,3,5
zdi2qi,3.42,4,CS,0,1,1,3,4
fkk0nh,2.76,1,CS,2,1,3,1,1
njm6li,3.3,3,ECE,4,0,0,0,4
fqz7vi,3.4,3,CS,5,3,5,2,3
bbh2qt,3.66,1,CHE,0,4,3,3,0
sxh0yz,3.83,1,CPE,1,2,1,5,5
ikx3pl,2.79,2,MAE,4,0,0,1,4
ykn7od,2.88,4,CHE,4,4,2,3,5
qyi9am,2.7,3,CHE,0,4,4,1,2
cjo4pl,3.11,4,ECE,2,5,4,0,2
dkc1mu,3.39,4,CPE,5,1,3,5,4
aza6tn,3.59,3,SYS,1,2,2,5,3
izw9ev,3.17,4,CS,4,0,5,5,4
kop6jm,3.07,2,CHE,2,1,5,3,1
dtz0qe,3.26,3,ECE,5,5,1,1,3
apr3in,2.87,2,MAE,5,5,4,5,5
sbq1jm,4,2,CS,1,1,2,4,4
zhg6hy,2.56,3,SYS,3,3,3,4,5
sav3ux,3.27,1,SYS,5,4,0,1,0
ufs2es,4,1,SYS,3,0,3,3,3
fyy9xk,3.2,1,CS,5,0,3,3,4
qxa8zt,3.12,3,CS,1,0,2,0,0
joz7aj,3.06,4,CS,0,1,4,0,4
iaq4is,3.13,3,CS,1,3,2,5,1
blp0ps,3.75,2,MAE,1,2,0,2,2
xkk0rv,2.32,3,ECE,0,5,2,0,5
atn0se,3.81,2,CPE,0,1,1,3,4
voj7cv,2.63,3,MAE,2,2,3,2,3
ztm0fm,3.09,2,CPE,5,5,4,0,4
rww4iy,3.03,1,MSE,2,5,5,1,4
twr2eu,3.44,3,SYS,0,3,0,4,4
stg2ym,2.56,4,SYS,3,4,5,0,4
zsr2lb,3.38,4,MAE,3,0,3,0,3
rjj1qz,4,3,SYS,1,2,2,1,3
ncs0fn,2.65,3,CPE,4,1,5,3,4
yyc8zd,3.28,3,MAE,1,2,1,5,2
avx5yn,2.94,3,CS,1,4,2,1,4
ozg5hs,3.37,4,MAE,4,0,3,5,5
lpl7as,3.21,3,MAE,5,2,5,0,5
psu7ti,2.94,1,CS,0,4,0,3,3
neo8lc,3.4,3,MAE,3,1,5,2,5
kyl5sn,3.92,3,CS,1,3,5,0,5
lhc2so,3.12,3,CPE,4,5,4,1,1
zwq8uz,3.49,1,CS,2,1,5,2,4
yai5vd,2.68,3,MAE,1,0,3,4,4
aps0ru,2.82,1,CS,3,5,0,2,4
jaq5nh,3.39,4,CPE,0,1,3,1,4
dvh5sc,3.79,2,CPE,1,1,1,2,0
pve6ok,3.34,1,CS,1,1,2,1,4
pen5xv,3.07,2,ECE,5,1,5,0,3
smm6fo,3.2,2,ECE,4,5,4,3,3
yhp5yl,2.7,3,ECE,2,0,0,4,0
evz0pi,3.44,1,CHE,2,4,4,3,4
hii8tn,3.55,4,CS,0,2,4,3,2
zad4ie,3.02,1,ECE,3,3,4,3,4
lig7np,3.01,1,CS,0,2,5,1,3
uzo8vg,3.31,4,ECE,1,2,0,1,1
zlo5ov,3.03,4,CS,1,3,0,4,5
vke3lo,3.17,2,CS,2,5,4,1,1
rki6gp,4,3,ECE,3,0,2,5,2
nze1wo,3.1,4,CPE,4,3,5,1,4
kkd8zt,3.06,1,CHE,3,0,5,1,0
xqk2cb,2.94,2,MSE,1,5,3,1,4
vqa3pb,3.5,1,CHE,4,2,5,0,2
opu8xq,3.13,3,ECE,3,0,4,4,2
pls5vi,2.94,4,SYS,3,5,1,5,5
vnp0ch,3.73,4,CS,4,5,4,1,2
hqu9wi,3.77,2,ECE,1,4,0,4,1
ezx5rw,2.96,3,CHE,3,3,5,2,5
jbh7hq,2.45,1,CS,4,4,5,0,4
bcv6iq,3.6,1,CHE,5,2,3,1,4
huo1ap,2.93,3,MAE,5,3,1,5,0
vpc4ua,3.52,4,CS,1,2,5,0,2
cre2my,2.41,2,CPE,4,4,3,5,2
wrf4du,3.56,3,CS,5,5,3,0,3
dhk5ze,2.72,1,CPE,4,2,1,2,5
tar9iz,3.49,1,CS,3,3,4,4,3
vvx9nm,3.21,3,CS,1,3,4,0,5
xtn6tn,2.82,3,CS,5,2,4,3,1
utn6kg,3.04,3,MAE,3,3,2,2,5
ygc5wd,3.47,4,ECE,0,5,4,3,4
xls1ct,3.24,3,CS,0,5,1,2,0
usf4nk,3.43,3,ECE,1,3,2,3,5
ree5mi,3.99,2,CS,5,2,4,3,5
wbk4ft,2.57,4,SYS,5,4,2,5,5
fbb4tj,3.85,1,ECE,5,3,1,0,0
cgg5qm,3.24,1,MAE,4,3,4,0,2
pia6rn,2.84,2,MAE,3,3,0,2,0
sou4or,2.67,4,SYS,5,3,5,4,2
otn6ip,3.12,2,CS,3,2,1,5,4
pkg0pr,3.57,1,CS,1,4,3,0,0
trx8wm,3.15,2,ECE,5,4,3,0,2
owy8mp,3.8,1,CS,1,0,1,5,4
qzt5bk,2.62,1,ECE,5,3,3,1,4
fgs9kn,3.2,2,CS,0,3,1,5,2
ikr6tr,2.7,4,MSE,2,0,0,0,2
mkc1ts,3.35,1,CS,1,4,1,4,1
ajc8ch,3.55,4,MAE,5,1,4,1,4
tnv4jg,3.03,3,CS,2,5,4,3,2
ffe9yj,2.16,1,MSE,1,1,2,5,4
yxq6hm,3.28,4,CHE,4,4,3,3,0
ppy1dz,3.37,1,CS,5,3,5,1,3
mmw8ua,3.36,3,ECE,4,1,3,1,3
pwu3bk,3.69,4,ECE,0,2,1,1,5
ose9yz,2.77,4,CPE,5,2,5,2,2
qky0if,3.47,1,CS,0,0,5,5,2
wzh0qu,3.68,1,CS,2,4,3,4,4
dtd9zw,2.49,4,CS,1,4,5,4,5
ars5jn,3.33,2,CS,3,1,5,3,2
woh6ul,3,3,ECE,0,3,4,3,4
ufn6si,3.17,2,MAE,3,4,0,3,2
xla7xe,3.34,3,CS,3,1,1,5,4
psj6fi,3.01,4,MSE,1,1,3,0,2
mhl4rj,2.93,2,CHE,2,5,4,3,1
cey3ce,3.21,1,CS,1,5,2,1,4
wcq8yf,2.77,3,CPE,5,4,5,3,1
ujf8ee,2.77,1,ECE,0,1,5,1,1
pbk6el,3.47,2,SYS,3,0,3,2,1
omi9kz,2.74,1,SYS,1,0,0,0,1
vkp6nu,3.47,1,CS,1,5,0,0,0
mtu6il,3.39,4,CS,1,4,3,5,5
lzp4as,2.51,4,CS,0,3,3,5,3
lwd2hz,2.93,4,CPE,2,0,4,4,0
mof7fw,3.68,3,ECE,1,0,3,2,2
che1kr,2.81,2,CS,0,5,2,5,2
wab2os,3.01,3,CS,3,5,4,1,5
bef1xy,3.38,3,MSE,5,4,5,2,3
rky8ft,3.51,4,CS,4,5,5,0,3
elz4aq,3.1,3,MSE,0,2,5,1,3
vre8fm,2.96,4,ECE,4,1,5,2,1
ylk3jf,3.77,2,CHE,1,0,1,0,0
xtp4zi,3.9,2,CS,1,2,2,5,2
voj2hj,3.59,1,SYS,0,3,4,1,0
cyo6ox,3.23,4,CHE,4,2,4,1,0
vsw6ko,2.88,3,ECE,1,4,5,0,0
hzh7hp,2.87,2,MSE,3,3,0,1,3
zwk7vx,3.41,2,CS,2,3,4,5,5
xmr5pf,3.37,2,MAE,2,5,2,5,5
ser1ej,3.76,1,CS,1,2,3,5,3
pck2td,3.46,1,CS,4,4,2,0,2
gly8wi,2.6,3,CS,5,0,5,3,2
lww0pl,3.62,4,SYS,1,5,5,3,2
ddn5yi,2.8,3,SYS,5,2,1,1,5
vpi3vc,3.05,1,MSE,5,0,4,5,5
fle3ys,3.3,3,SYS,4,2,4,1,0
dmr1ww,4,1,CS,5,5,4,0,3
bov2vr,4,3,CPE,3,0,5,1,1
ryv7ub,3.44,4,CHE,4,5,4,4,0
xxf1uh,3.13,1,SYS,1,2,0,3,4
few8kx,3.41,1,CS,3,3,0,1,5
smp5av,3.56,3,ECE,0,1,3,1,0
eka6pq,3.07,3,CS,2,3,4,2,3
qfb7eo,3.92,3,CHE,1,5,1,1,4
zyl6mu,3.29,2,CS,1,5,3,4,0
izo0rf,3.4,4,ECE,1,5,5,3,3
hwg4rn,3.47,2,CS,3,0,4,2,3
zjk9cm,3.37,4,CS,0,4,0,0,5
tbd3oz,3.54,3,CHE,4,5,1,0,1
cqe1bi,2.95,3,CS,0,3,3,3,0
jix9pe,2.98,2,CS,3,1,1,0,3
yvi3ow,2.76,2,CS,1,5,4,4,2
sny3zc,3.38,3,CHE,2,5,2,1,3
qeg0gi,3.51,1,CS,1,5,1,3,1
bzs6dq,3.38,4,CS,4,0,1,2,3
jrq0ll,3.87,4,CS,5,5,5,1,5
loy0ft,3.2,4,MAE,2,3,0,0,0
cet4uv,3.47,1,MAE,1,2,4,0,5
cpz1yj,2.76,2,CS,2,4,1,2,0
otm1rm,3.05,3,SYS,5,5,4,4,4
dvd5ma,3.48,2,CS,0,0,0,2,0
xpw8nd,3.54,4,CS,3,3,5,3,4
pky7dk,3.08,2,CS,1,5,4,2,5
wdt7sw,3.17,1,CHE,4,0,0,0,2
haq6cm,2.59,3,MAE,0,2,0,4,1
tcg6bo,3.06,1,ECE,1,1,3,4,2
nun4ce,3.56,2,ECE,0,5,5,5,4
nqz6gv,3.43,4,MAE,4,3,5,2,3
zqe5kj,3.4,4,ECE,1,0,4,3,3
vqz3jb,3.22,4,ECE,5,0,2,0,2
ria7kq,3.2,1,CHE,5,5,3,1,3
yub6sw,2.94,1,ECE,4,0,5,4,4
whi8xc,3.48,4,MAE,2,1,0,2,5
uxo2ee,3.37,2,CS,4,0,5,5,1
hqd2ar,3.4,3,CS,2,4,2,3,0
rvi0bb,2.99,3,MAE,1,4,1,3,4
soi0tq,2.34,2,CS,2,0,1,0,4
gzi4tt,3.64,4,SYS,1,5,5,4,0
hew6up,3.01,4,CS,1,4,5,0,0
rez8lr,2.85,2,SYS,3,3,3,5,1
kxa2oq,3.48,3,CS,1,4,5,1,1
rxl8lv,3.04,2,CPE,2,0,2,1,1
cjo7dp,3.62,4,ECE,3,5,5,1,3
gcb5ym,3.45,3,CS,3,2,4,3,4
pzp7wm,3.47,4,CS,1,5,2,4,5
ovq9dz,2.65,1,CS,4,5,3,0,0
lnu1pq,3.68,1,CS,4,5,4,0,4
vvj2vv,3.3,2,CS,5,3,4,5,4
ksj8lc,3.05,4,SYS,3,1,1,1,1
eju5hu,3.26,3,ECE,1,0,2,4,1
jqq9px,2.49,2,CS,4,1,4,4,4
poq2xj,3.36,1,CPE,1,2,3,5,1
dqq5iy,2.79,4,CS,1,1,1,2,3
itm8vk,2.66,2,MSE,3,0,4,4,0
aka5bi,2.59,2,SYS,5,0,2,4,4
yyh0xj,3.65,3,CPE,3,2,1,0,0
ank3bl,2.95,3,ECE,0,0,2,5,3
znq1gg,3.81,1,CS,4,2,2,4,1
ulw7id,2.99,1,ECE,4,2,2,4,2
qhl5kw,2.52,1,CS,4,0,1,0,3
ern0yc,2.75,4,MAE,2,4,4,4,2
ifa7ey,3.69,1,CS,1,2,5,0,0
hhn2uo,3.14,2,MSE,3,0,0,2,4
nkl3js,2.98,1,CS,4,4,4,3,1
laq5wt,3.26,2,CS,0,2,1,0,3
zbk3nh,3.4,2,ECE,4,4,0,0,1
low0xc,3.65,3,CPE,5,3,0,4,2
fkt4vl,3.78,2,MSE,1,5,0,0,2
jkb3am,3.06,2,CHE,1,3,5,5,5
hlx5gu,2.67,1,SYS,3,4,3,1,4
ebv7yj,3.03,3,MSE,2,2,1,1,2
ptz2yk,3.3,4,CS,3,0,5,2,4
epr3hj,2.81,4,MAE,4,1,5,0,5
psa7kz,2.82,3,SYS,5,0,3,5,3
ewc2af,3.34,4,CS,0,1,0,4,5
eiq1gl,3.18,4,CHE,3,1,3,4,4
qpe2vu,3.21,1,CS,2,2,3,3,2
tdk1li,2.9,2,ECE,3,4,5,2,0
ixv2hx,3.11,3,CS,1,0,1,5,4
flw7ld,2.83,1,MAE,4,4,2,5,1
tti9mh,3.56,4,ECE,4,3,3,4,0
ouw1nd,3.61,1,CS,4,2,3,3,4
tvs6lo,2.46,4,SYS,4,2,0,4,1
hph1ah,2.83,1,CS,4,3,0,3,5
jmp3dc,2.6,1,CS,4,0,5,1,0
wme2xp,2.94,4,CS,0,5,0,5,4
snu1xk,3.17,2,CPE,2,3,4,1,3
hdr5tj,2.62,1,ECE,4,0,3,4,5
gvd4ma,2.83,2,CS,2,1,0,2,1
mej4wm,2.8,4,CS,5,2,1,0,3
oeu0rp,3.28,4,SYS,4,0,4,2,2
xpy8gi,3.23,2,CS,3,4,5,2,5
tai3ut,2.91,1,CS,4,4,2,0,5
zoq0za,3.27,1,SYS,1,2,3,5,4
khx3bc,2.98,1,CS,0,3,3,1,4
fvu6hd,3.09,3,CPE,3,5,1,1,1
qob8tp,3.87,2,CS,3,3,2,5,5
rwz9sh,3.74,2,ECE,1,0,2,0,4
gud8dv,2.68,2,CS,4,3,5,3,2
gbi3ap,3.53,2,SYS,0,2,5,2,4
jir1ya,3.52,1,MSE,3,0,4,4,5
abr6di,2.74,3,ECE,0,1,3,1,0
kos5ki,3.53,2,ECE,3,3,0,5,3
bmd8pe,3.82,2,SYS,4,3,5,4,5
jht4wm,2.75,2,ECE,5,5,1,0,2
edo3vs,2.83,3,CS,3,0,1,4,5
xgf4zc,3.61,2,MAE,5,4,1,4,2
ujl6xl,3.31,1,MSE,3,3,5,2,5
oer6rx,3.42,3,CS,2,2,5,0,3
vuk6vt,3.34,2,MSE,4,3,1,4,3
gif6ow,3.36,4,CHE,1,5,5,1,2
sal3os,2.67,4,MSE,5,1,0,0,5
czc8op,3.62,1,MAE,1,5,0,1,3
gji1xp,3.67,1,CS,4,3,4,5,1
mka0nv,3.11,3,CS,1,4,3,5,5
nxe4cr,3.18,2,MSE,4,3,0,3,3
ebi1ls,2.59,4,ECE,1,0,4,5,0
vmn0yx,3.41,3,CS,5,3,2,4,0
gah4qi,3.43,1,CS,2,4,3,0,1
mjo7gl,3.18,1,CHE,1,0,0,5,3
ajn8kq,3.65,2,CPE,5,2,2,1,0
ibo2cg,3.07,2,CHE,3,0,4,4,5
lha9qu,3.43,2,CS,4,5,0,5,4
uhw7gk,2.79,2,ECE,0,1,0,2,3
pfw2mc,3.19,2,CPE,0,5,5,1,1
yzq6uh,3.13,4,CS,4,0,2,1,3
fni2bg,3.29,2,ECE,2,2,0,3,2
mtg9vu,3.05,1,CS,1,3,1,2,2
sfk0eb,3.15,3,CHE,2,0,5,3,0
vea1ed,3.53,2,ECE,0,5,5,5,2
jub6wa,3.03,2,MSE,5,0,0,2,1
lvi5mm,2.56,2,CS,4,0,5,1,0
xeo6sb,3.9,2,CS,4,0,3,3,1
opo6av,3.75,1,SYS,2,2,2,4,5
dtl1wt,2.68,4,CS,5,4,3,2,1
cjo4op,3.48,1,CS,2,4,4,1,2
epx8dk,3,2,ECE,1,0,3,0,5
upu8jk,3.31,1,CS,3,2,1,2,2
pbp4gq,3.32,1,CS,5,2,5,2,1
aqi8aq,3.11,2,CS,3,0,5,5,2
egx5gl,2.89,3,CS,1,5,1,4,2
dld4rc,2.92,2,CS,3,5,5,5,2
nhk7ou,2.83,1,MAE,0,1,3,2,3
cde7jg,2.87,3,MSE,3,0,4,2,5
anp2gb,3.17,2,ECE,1,1,0,4,5
fwy3kj,2.91,1,ECE,3,5,1,4,5
tfw2nw,3.47,2,SYS,4,5,3,3,1
lqy1ui,3.79,4,ECE,2,0,3,1,4
aas6kv,2.97,3,ECE,0,1,3,1,1
rjx7sn,3.3,1,MAE,4,1,0,3,5
ztz1zg,3.4,4,ECE,4,0,2,1,0
xex2nv,3.39,4,SYS,1,1,5,2,2
iiy4mc,3.23,1,ECE,2,3,5,3,2
xjy3sk,3.5,1,CPE,2,5,4,3,4
vsl0mo,3.39,4,CS,5,4,2,1,0
ulg4wu,2.7,2,MAE,0,2,5,0,3
fpt1eu,3.55,1,ECE,1,1,4,1,1
fep5yy,3.55,2,CS,0,1,4,5,3
ozp9ig,2.89,2,MAE,5,2,3,0,0
plw9lb,3.22,4,CPE,3,1,1,3,4
mwa2dm,3.47,4,CPE,4,2,3,0,0
wgt6vw,3.12,2,ECE,0,0,0,2,4
bkj0jb,3.63,3,CS,4,3,5,4,3
ate8up,4,4,CPE,1,3,4,0,3
aih7bp,2.89,3,CS,3,5,1,5,0
kdp1ey,2.65,4,CS,1,4,5,4,0
jdr4rs,3.32,4,CPE,3,1,4,2,2
sbk8ql,3.49,2,MAE,3,4,4,5,4
nac0fz,3.11,4,CS,4,0,3,4,2
svz4ik,3.78,2,CS,1,3,1,2,1
zit6qm,2.66,1,CS,1,0,1,4,1
ael9er,3.48,1,CHE,0,0,5,4,0
jvp4ig,2.96,4,CS,1,1,4,1,3
yfa0jk,3.89,2,CHE,0,0,1,5,1
tab5dk,4,4,ECE,2,3,1,5,1
xfh0gu,2.89,1,ECE,2,4,5,0,2
hwo3iv,2.98,2,ECE,2,3,3,5,2
upq5to,3.54,3,SYS,5,1,2,5,1
uxl8xv,3.05,2,ECE,1,3,0,4,0
wui0rq,3.18,2,ECE,5,2,2,3,2
hwn0pf,3.21,2,MSE,1,4,1,1,1
win5tn,2.43,2,CS,0,2,4,0,3
dpv2ks,3.19,1,ECE,5,2,0,1,2
hzm2md,2.92,4,CS,5,5,0,0,1
owb0ou,3,1,CS,5,1,4,2,4
cgw1oe,3.78,1,CS,3,0,0,4,2
qpt8ht,2.7,4,CS,0,2,4,5,4
eyq6uz,3.53,2,CHE,2,3,0,5,2
loj1lx,3.09,2,CHE,0,0,5,3,2
wif0nh,3.09,2,MSE,3,3,5,1,5
rgp2au,3.52,2,ECE,1,3,2,1,5
flc6mo,3.34,2,CS,0,0,0,1,4
zed4ry,3.43,3,ECE,5,0,3,5,0
nhl6sc,3.59,2,CS,2,3,4,1,1
wge8kp,3.07,3,CS,2,1,0,4,0
spw2kv,2.96,1,CS,1,4,5,0,0
qcj4ar,2.77,1,SYS,0,5,5,5,5
vxh0xr,2.87,4,SYS,3,4,4,4,1
wkf9vz,4,3,MAE,1,1,3,2,5
uvz1ji,3.7,1,SYS,0,5,0,4,5
lar8as,2.66,4,CPE,4,0,0,4,5
vos4oi,2.67,1,CHE,2,5,3,2,3
afy1vl,3.39,2,ECE,3,3,3,4,0
mlb5cz,3.42,2,CS,5,4,3,0,0
cgb5yh,3.42,3,CHE,3,5,5,5,0
tsq0zp,3.1,2,ECE,5,3,4,3,3
wba1qy,3.15,3,CHE,3,1,3,2,2
nts3zr,3.33,3,CS,2,5,4,5,4
jqd1xp,3.23,2,CS,5,3,2,1,4
rqd0ch,2.31,1,CS,0,1,0,0,3
dqa8rr,3.11,3,CS,5,0,0,3,0
ptd4aw,2.86,4,CPE,1,1,1,0,4
rdr3wp,3.27,1,ECE,0,1,2,0,3
zrd3pj,4,2,CS,1,4,3,1,5
mwy9oy,3.35,3,ECE,3,3,3,3,1
pgo0ja,3.07,4,CS,0,5,5,0,4
nzd7ls,3.57,4,CS,3,4,2,1,1
crt9ja,3.39,3,CS,4,2,3,2,0
dce3cj,3.37,3,CS,3,1,1,1,4
tgb6iy,3.44,3,CS,3,2,4,4,3
ogl3vj,4,3,CS,1,4,0,5,2
njz9de,2.75,2,CS,5,3,2,1,4
ico4uv,3.39,1,CPE,4,4,0,1,4
ftp1bk,2.83,3,CS,3,3,4,1,4
emq5oz,3.42,1,ECE,3,3,2,0,4
roj2ur,2.83,2,CS,4,0,4,3,3
mbp2xa,3.03,3,SYS,4,1,3,1,3
tax4gi,3.08,2,CS,0,4,3,1,2
wbo9mj,3.59,3,MSE,1,3,3,4,3
koq4xc,3.57,4,MAE,4,4,4,4,3
dvo9ez,2.7,1,ECE,4,4,4,2,0
qaj4ez,3.22,4,ECE,2,3,4,2,0
ygb7xw,2.92,2,CHE,5,5,0,4,1
lnc8vu,2.7,2,MSE,4,2,4,3,2
ifw3wj,3.11,2,CS,1,1,3,2,0
rqc3rf,3.08,2,CS,5,1,1,5,2
pgl1jv,4,1,CPE,5,5,4,5,2
uki7ki,3.37,2,CS,3,0,1,3,4
tap7yp,2.65,2,CS,3,5,3,4,5
evo3hw,2.97,4,CHE,3,0,4,2,5
xae9pt,3.61,2,MSE,3,0,0,1,5
bfd9xq,4,1,CHE,2,5,0,4,2
ljb6do,2.57,4,CS,4,1,1,2,4
kel4qv,2.45,3,ECE,3,2,5,3,1
ebv5fl,3.95,4,CS,0,1,0,5,1
daj7le,3.36,2,CHE,3,1,0,3,5
obm2or,2.85,3,CS,4,1,0,2,1
bqq0dl,3.41,4,CS,3,5,3,3,4
vad6cp,2.15,3,CS,2,5,0,2,5
umj7ru,3.2,2,MAE,1,5,2,2,4
dhb3ci,3.33,3,CHE,1,1,4,3,1
ddu2pf,3.57,3,CS,4,2,0,0,5
ksl3bc,2.79,3,ECE,1,0,5,1,4
aur9vf,3.23,2,CS,1,4,5,4,3
lxy9tf,2.83,3,SYS,0,0,0,5,3
ajv0gj,3.3,3,CS,4,0,0,1,4
mpu5wc,2.84,2,CPE,4,4,2,4,4
jjf4gu,3.04,4,CPE,1,1,0,4,0
yhr7iw,2.8,1,CS,1,2,0,5,0
rwv1qr,3.46,3,CS,1,2,4,1,2
cgj9mc,3.54,1,CS,5,0,5,5,5
vmq0cx,3.11,1,CPE,2,4,2,2,2
mla4vx,3.22,4,MAE,3,3,5,5,2
mxq6sq,2.62,3,SYS,2,1,2,3,1
rtn2va,3.08,3,CS,4,0,5,0,3
yil0he,3.18,3,CS,0,2,0,0,1
gwy7fu,4,3,CHE,3,5,5,0,5
cww3fx,2.76,2,CS,0,5,5,1,4
zyj2yz,3.79,2,CS,5,4,2,1,0
diz1ox,3.6,3,SYS,4,4,1,2,5
pjb5cm,3.31,4,MSE,5,0,2,0,4
xfj8tp,3.9,4,CPE,4,3,2,2,5
zdi4vh,3.35,2,CS,0,2,2,0,4
pzc2bh,3.36,2,CHE,0,0,3,1,0
bjy6rq,3.18,2,CPE,0,3,3,3,4
fxr9mb,3.69,1,CS,4,4,3,3,2
auq8hd,3.64,2,CPE,1,5,2,3,5
eye2el,2.95,1,MSE,0,1,1,5,0
sbs2ir,2.67,2,CS,5,5,2,3,4
yur8vo,3.12,4,CS,3,2,0,4,2
cfm8zb,2.88,4,MAE,4,2,1,0,2
vvi3ze,3.17,2,CS,5,5,3,3,3
ose4pe,3.69,2,ECE,2,5,5,4,2
mmy8gr,3.02,4,CS,2,3,5,4,1
srt0ji,3.18,4,ECE,3,0,4,4,0
grq9cl,3.22,3,CPE,1,4,1,2,0
hjo8cv,3.54,3,MAE,0,3,3,2,0
qyw4bs,2.3,1,CS,4,1,1,4,4
xts3lk,2.96,2,CS,5,5,1,5,5
ion4uh,3.28,3,CS,0,1,5,3,4
gtu7rq,3.68,1,CPE,5,1,2,0,1
pho0sz,3,1,CS,4,3,0,5,5
fes8gh,2.45,2,ECE,2,4,4,1,2
syq5aw,3.45,1,CHE,0,2,3,2,4
qlp5fm,2.95,4,MAE,3,0,1,3,5
ycu2bx,2.72,3,CS,1,2,4,3,2
gug8eo,2.95,4,MAE,3,4,1,1,5
owi0gt,3.13,1,CPE,1,2,5,1,2
glk5mx,2.96,2,CS,5,5,0,3,5
mod3nu,2.32,4,CS,0,5,5,1,4
fyy9qx,3.56,4,CS,0,3,4,3,4
ijc5nn,3.71,1,ECE,1,1,3,5,1
sma9hm,3.46,1,CS,2,4,1,1,3
btl0nz,2.74,3,CHE,4,4,0,5,0
zle6wh,3.12,4,CPE,3,2,5,5,4
irg0fl,3.2,4,MAE,5,3,4,1,4
gtn3jt,3.44,2,MAE,3,2,5,3,2
bje6xq,3.47,2,MAE,3,2,1,4,3
uhz7jj,2.91,3,CPE,5,4,1,3,4
bzh0sx,3.23,3,MAE,5,2,3,0,5
lpn7at,3.38,3,MAE,0,1,0,1,3
uza8as,3.78,4,MSE,3,2,2,2,0
sqp5cr,3.48,2,CS,4,1,5,1,5
vpz0ks,3.52,1,MAE,4,4,1,0,2
eeg6rk,3.23,3,ECE,1,3,4,5,1
xuv0ab,3.76,1,ECE,5,5,5,2,5
yzn2tc,3.36,3,CS,0,1,3,2,0
htl7yh,2.86,1,CS,4,3,3,3,5
cjj6tn,3.76,1,CHE,2,3,1,4,3
ams4vv,3.48,3,CS,0,1,1,3,3
vfl1bo,3.02,2,CS,0,4,1,2,0
jap5zt,3.01,4,CS,4,0,2,2,3
hek4tk,3.32,1,CS,2,3,1,4,5
pfj9sd,3.39,3,CS,1,3,5,1,1
nxl9ho,3.28,1,ECE,4,4,5,4,5
cjy3kb,3.32,3,CHE,2,4,0,5,1
gls8fq,3.88,4,CS,0,2,4,3,3
vil2ql,3.63,2,CS,2,4,1,1,5
mtj1pn,3.28,1,MAE,0,3,5,3,3
mzs9ey,3.58,1,CS,4,1,5,4,1
wtk9il,2.79,1,CS,5,0,5,1,3
hby7wk,3.36,1,CS,4,2,2,4,4
ity6zi,3.92,4,MSE,3,1,4,5,2
pgk4iu,3.11,1,CPE,3,0,3,0,5
ijb6yl,2.86,3,CS,3,0,5,2,4
atx2rk,2.94,2,CS,4,0,1,1,3
kfx2vc,2.76,1,CPE,1,5,5,2,3
omg7xc,2.89,2,MSE,4,1,4,0,2
psj1ub,3.05,4,CPE,5,2,3,1,3
oii1dm,2.64,1,CPE,2,2,2,2,2
ruo6md,3.21,2,MAE,4,0,0,2,5
rwy7ls,3.56,4,CS,4,1,1,1,1
nfd9yj,2.84,2,ECE,0,5,0,2,2
agm3zo,3.81,3,CPE,0,0,2,2,2
zyb6ju,3.4,1,CS,0,4,4,1,4
hpv9vb,3.61,3,CS,4,2,4,2,3
vmf7hr,2.94,2,MAE,1,3,2,2,5
wvf0kx,3.54,4,CS,2,0,5,3,1
hje8ec,2.76,4,MSE,2,4,2,5,0
hmm9sy,3.56,3,CHE,5,2,1,3,2
rdb1ct,3.27,2,CS,1,5,3,0,0
sex2rg,3.42,4,CS,1,1,0,3,3
nfd2bk,2.73,1,SYS,2,2,0,3,2
cfh6gp,2.84,1,CPE,3,1,4,0,0
zie5hb,3.44,3,ECE,0,1,5,2,4
amh3ak,2.82,1,SYS,0,5,4,2,0
oey6cw,3.39,3,CS,2,5,1,3,4
afx0bn,2.65,3,CS,1,0,2,0,1
vzw1ci,3.54,3,CS,5,0,0,2,3
hhi8cd,2.71,1,MAE,3,2,1,4,5
xtf5bi,3.42,2,CS,2,5,4,1,0
enm0mf,3.45,2,SYS,0,4,4,1,2
iaf7th,2.92,1,MSE,4,2,0,5,3
pyl2ep,3.43,1,CS,1,3,4,1,0
mln9eg,3.3,1,CS,4,1,5,3,2
cks6uj,2.98,4,MSE,5,1,4,1,2
qkz4hb,2.8,1,ECE,2,0,3,1,5
dvn5ez,2.41,1,CS,0,4,2,4,5
cqw7eh,3.34,1,CS,3,5,4,2,2
nwc9iq,2.57,4,CS,4,5,3,4,5
tkw5qy,3.24,2,ECE,3,0,1,3,2
xje9yz,3.09,4,ECE,5,3,4,1,0
zqj0wg,3.47,2,CS,0,2,5,2,1
cgo1nu,3.08,3,CS,4,2,1,5,5
mxu2rh,3.07,2,CS,5,4,4,5,4
fxd3sp,3.49,4,CPE,3,0,0,1,4
aoh2ik,3.33,2,CPE,3,0,3,1,4
iri7so,3.33,4,CPE,4,3,3,5,1
ygl3uh,3.39,2,CS,0,2,0,5,2
led8yr,2.59,2,MAE,3,0,2,3,2
apv8lx,3.5,2,ECE,2,5,5,1,3
soo1wo,3.44,2,SYS,5,4,3,5,4
vog8ml,2.79,2,SYS,4,2,1,0,4
hbt4er,3.1,1,ECE,1,3,5,5,2
thp8xg,3.18,4,CPE,1,4,3,2,4
bze5as,3.15,3,ECE,0,1,2,2,2
zlf4eg,3.33,1,ECE,2,5,1,0,2
xps8lx,3.77,1,CS,3,3,5,3,5
miz1vn,3.63,2,CS,1,4,1,1,2
vfn5rm,2.68,3,SYS,0,0,0,1,0
xwj2xj,3.45,2,ECE,5,1,4,5,0
otm9dc,3.73,4,CS,2,3,0,2,0
fjr7cu,3.35,3,MAE,2,0,5,3,0
kwo7ef,3.64,4,MAE,0,5,4,3,1
kyg7zt,4,3,ECE,0,1,0,3,3
nms6bp,3.61,2,MSE,3,2,4,5,3
kqk5ag,3.3,1,ECE,0,0,3,1,2
hvj1hm,3.62,2,MSE,3,4,1,3,4
oso2kh,3.26,2,CPE,3,3,4,5,0
fys3pj,3.21,2,MSE,4,1,3,5,3
fkt2cy,3.06,4,MAE,2,0,2,0,3
kbx7oy,3.83,2,CS,5,2,0,4,0
umb9ls,2.87,4,CPE,2,3,2,3,1
sgd1oy,3.81,2,CHE,2,3,5,4,1
ihs2cq,3.4,3,MSE,4,0,3,1,3
dsh5rp,2.64,1,CHE,3,2,2,5,1
tup4ra,3.35,1,CS,3,5,2,3,5
fec5bj,2.36,3,SYS,0,5,3,2,0
zdj3lf,3.45,3,ECE,4,1,1,1,3
fyb4rn,3.55,3,CS,0,0,4,0,0
ijr0ux,2.96,3,ECE,4,1,5,0,1
mzb0ja,3.25,1,ECE,0,5,5,4,0
olf2rf,3.98,3,CS,1,3,0,5,1
zqn1nt,3,4,CS,2,1,4,4,1
izx0gu,2.78,4,CS,2,2,0,2,0
iar6ca,3.79,3,MAE,5,4,5,2,1
rbc9wl,3.99,1,MSE,3,5,4,0,5
gdw3mr,3.2,2,ECE,5,5,2,3,2
pgp4zn,3.6,1,CS,1,2,1,0,0
xhz4sc,3.74,3,SYS,5,1,2,0,2
jfr5hl,2.9,4,CS,2,0,1,2,0
gwg1ui,3.01,3,CS,3,3,3,4,1
vzq2xe,3.69,2,SYS,1,4,0,2,1
ska1jr,3.87,1,MAE,2,0,0,5,3
ufs8ot,3.43,2,CS,0,0,3,2,5
qlp4jp,2.85,2,CS,4,2,4,2,3
ppp5jl,3.99,3,SYS,1,1,3,0,2
lui9dr,2.99,4,SYS,3,5,5,3,1
ngm8ea,3.07,4,ECE,5,5,3,0,3
hag2hq,3.34,4,CHE,5,2,1,1,1
rpk9zn,3.82,4,CS,1,1,5,2,0
jnt2xh,3.54,3,SYS,3,2,3,2,3
qgk2ax,3.37,4,SYS,1,5,0,1,2
dqp6sm,3.39,2,ECE,3,0,2,2,3
tcb2ul,3.22,2,ECE,5,3,1,2,1
otf8qq,3.42,2,CPE,2,1,1,5,4
pcm0ct,2.19,3,CS,0,4,4,2,4
zqr4mb,3.08,2,CS,2,4,2,1,5
nai3it,3.3,2,CS,0,0,1,0,1
nnx9ea,2.74,2,CS,5,2,3,2,0
afc0ki,3.35,2,MSE,2,2,1,3,3
jey6af,3.12,4,CS,2,5,1,1,4
kpz3qf,3.9,1,MAE,1,0,1,4,0
trp4ab,3.83,2,ECE,4,5,4,5,1
mky2do,3.01,2,MAE,5,5,1,1,0
xqf2ab,3.14,1,ECE,3,4,1,0,1
eqb1cp,3.17,1,CS,5,5,4,1,5
nfr5kz,3.02,1,CS,3,5,5,4,3
ojn9ns,3.28,2,ECE,3,4,2,5,0
whf7ls,2.9,2,CS,0,2,5,3,3
lfo3sk,2.75,2,CS,3,1,0,4,0
bzh9fh,3.45,2,ECE,3,3,4,1,1
oxu9rg,3.45,1,CS,1,5,4,4,1
juo9wb,2.88,2,CPE,2,1,1,1,0
gtw0rf,3.56,3,CS,5,4,1,3,5
igv2ou,2.95,2,CS,5,1,0,3,1
rin9sn,3.3,4,CS,3,3,1,0,2
waq4rr,3.53,3,CS,4,1,3,3,2
efw7lc,3.19,3,CS,5,1,1,2,3
lig7ki,3.38,1,CS,3,1,1,4,2
hlq7tx,2.99,3,CS,0,1,3,4,2
syd8lb,3.12,3,CS,0,0,0,1,5
jhd6er,3.12,4,CHE,0,5,3,3,5
icc6ie,2.9,4,CS,3,4,4,0,4
mib5ab,3.13,1,SYS,1,3,3,0,4
zne5bp,2.58,1,ECE,4,4,2,0,5
oxj2tg,3,2,ECE,3,0,4,5,4
svu7wy,3.09,3,CPE,1,0,1,2,5
vod0eu,3.1,1,CS,1,0,4,3,4
wxf0iu,3.1,1,CS,5,5,0,0,1
vye5gf,3.18,3,CS,3,0,0,2,5
kxr5gl,3.39,4,MSE,3,1,3,4,3
ssz7he,3.55,3,CS,1,4,4,1,3
adc8db,2.94,4,CS,1,2,1,3,5
dlx5ji,2.72,4,CS,1,3,0,3,2
cyx0xr,2.78,2,CS,5,0,5,5,3
ung3rq,3.01,2,CS,3,4,1,4,2
ekq3mc,3.06,3,CS,1,0,5,3,3
dfp1xl,2.89,3,CS,0,5,2,5,0
aej2jh,2.68,1,MSE,3,0,5,5,0
hfa0ze,3.02,3,MAE,5,0,0,5,5
atf6le,3.27,4,CS,0,0,3,3,3
pyx8nw,3.44,1,ECE,2,0,2,3,1
bmm1ve,2.98,1,ECE,3,3,4,3,2
xsd7cu,3.03,2,ECE,2,4,1,2,3
anj6rd,2.83,2,CS,1,5,0,5,5
kel8pl,3.19,3,CPE,5,0,2,2,2
ukh5bj,2.86,4,CPE,1,0,2,1,4
vjq5qh,3.43,3,ECE,5,0,0,3,5
qvf2bc,2.49,3,MSE,4,0,4,4,3
lrr1uh,3.06,3,CS,1,1,4,0,1
fwi6wn,3.32,3,CHE,2,1,3,1,4